1979.486.1,False,False,1,American Decorative Arts,Coin,One-dollar Liberty Head Coin,,,,,,Maker,,James Barton Longacre,"American, Delaware County, Pennsylvania 1794–1869 Philadelphia, Pennsylvania",,"Longacre, James Barton",American,"1794      ","1869      ",1853,1853,1853,Gold,Dimensions unavailable,"Gift of Heinz L. Stoppelmann, 1979",,,,,,,,,,,,Metal,,http://www.metmuseum.org/art/collection/search/1,2/6/2017 8:00:16 AM,"Metropolitan Museum of Art, New York, NY"
1980.264.5,False,False,2,American Decorative Arts,Coin,Ten-dollar Liberty Head Coin,,,,,,Maker,,Christian Gobrecht,1785–1844,,"Gobrecht, Christian",,"1785      ","1844      ",1901,1901,1901,Gold,Dimensions unavailable,"Gift of Heinz L. Stoppelmann, 1980",,,,,,,,,,,,Metal,,http://www.metmuseum.org/art/collection/search/2,2/6/2017 8:00:16 AM,"Metropolitan Museum of Art, New York, NY"
67.265.9,False,False,3,American Decorative Arts,Coin,Two-and-a-Half Dollar Coin,,,,,,,,,,,,,,,1909–27,1909,1927,Gold,Diam. 11/16 in. (1.7 cm),"Gift of C. Ruxton Love, Jr., 1967",,,,,,,,,,,,Metal,,http://www.metmuseum.org/art/collection/search/3,2/6/2017 8:00:16 AM,"Metropolitan Museum of Art, New York, NY"
67.265.10,False,False,4,American Decorative Arts,Coin,Two-and-a-Half Dollar Coin,,,,,,,,,,,,,,,1909–27,1909,1927,Gold,Diam. 11/16 in. (1.7 cm),"Gift of C. Ruxton Love, Jr., 1967",,,,,,,,,,,,Metal,,http://www.metmuseum.org/art/collection/search/4,2/6/2017 8:00:16 AM,"Metropolitan Museum of Art, New York, NY"
67.265.11,False,False,5,American Decorative Arts,Coin,Two-and-a-Half Dollar Coin,,,,,,,,,,,,,,,1909–27,1909,1927,Gold,Diam. 11/16 in. (1.7 cm),"Gift of C. Ruxton Love, Jr., 1967",,,,,,,,,,,,Metal,,http://www.metmuseum.org/art/collection/search/5,2/6/2017 8:00:16 AM,"Metropolitan Museum of Art, New York, NY"
67.265.12,False,False,6,American Decorative Arts,Coin,Two-and-a-Half Dollar Coin,,,,,,,,,,,,,,,1909–27,1909,1927,Gold,Diam. 11/16 in. (1.7 cm),"Gift of C. Ruxton Love, Jr., 1967",,,,,,,,,,,,Metal,,http://www.metmuseum.org/art/collection/search/6,2/6/2017 8:00:16 AM,"Metropolitan Museum of Art, New York, NY"
67.265.13,False,False,7,American Decorative Arts,Coin,Two-and-a-Half Dollar Coin,,,,,,,,,,,,,,,1909–27,1909,1927,Gold,Diam. 11/16 in. (1.7 cm),"Gift of C. Ruxton Love, Jr., 1967",,,,,,,,,,,,Metal,,http://www.metmuseum.org/art/collection/search/7,2/6/2017 8:00:16 AM,"Metropolitan Museum of Art, New York, NY"
67.265.14,False,False,8,American Decorative Arts,Coin,Two-and-a-Half Dollar Coin,,,,,,,,,,,,,,,1909–27,1909,1927,Gold,Diam. 11/16 in. (1.7 cm),"Gift of C. Ruxton Love, Jr., 1967",,,,,,,,,,,,Metal,,http://www.metmuseum.org/art/collection/search/8,2/6/2017 8:00:16 AM,"Metropolitan Museum of Art, New York, NY"
67.265.15,False,False,9,American Decorative Arts,Coin,Two-and-a-Half Dollar Coin,,,,,,,,,,,,,,,1909–27,1909,1927,Gold,Diam. 11/16 in. (1.7 cm),"Gift of C. Ruxton Love, Jr., 1967",,,,,,,,,,,,Metal,,http://www.metmuseum.org/art/collection/search/9,2/6/2017 8:00:16 AM,"Metropolitan Museum of Art, New York, NY"
1979.486.3,False,False,10,American Decorative Arts,Coin,Two-and-a-half-dollar Indian Head Coin,,,,,,Maker,,Bela Lyon Pratt,1867–1917,,"Pratt, Bela Lyon",,"1867      ","1917      ",1912,1912,1912,Gold,Dimensions unavailable,"Gift of Heinz L. Stoppelmann, 1979",,,,,,,,,,,,Metal,,http://www.metmuseum.org/art/collection/search/10,2/6/2017 8:00:16 AM,"Metropolitan Museum of Art, New York, NY"
1979.486.2,False,False,11,American Decorative Arts,Coin,Two-and-a-half-dollar Liberty Head Coin,,,,,,Maker,,Christian Gobrecht,1785–1844,,"Gobrecht, Christian",,"1785      ","1844      ",1907,1907,1907,Gold,Dimensions unavailable,"Gift of Heinz L. Stoppelmann, 1979",,,,,,,,,,,,Metal,,http://www.metmuseum.org/art/collection/search/11,2/6/2017 8:00:16 AM,"Metropolitan Museum of Art, New York, NY"
1979.486.7,False,False,12,American Decorative Arts,Coin,Twenty-dollar Liberty Head Coin,,,,,,Maker,,James Barton Longacre,"American, Delaware County, Pennsylvania 1794–1869 Philadelphia, Pennsylvania",,"Longacre, James Barton",American,"1794      ","1869      ",1876,1876,1876,Gold,Dimensions unavailable,"Gift of Heinz L. Stoppelmann, 1979",,,,,,,,,,,,Metal,,http://www.metmuseum.org/art/collection/search/12,2/6/2017 8:00:16 AM,"Metropolitan Museum of Art, New York, NY"
1979.486.4,False,False,13,American Decorative Arts,Coin,Five-dollar Indian Head Coin,,,,,,Maker,,Bela Lyon Pratt,1867–1917,,"Pratt, Bela Lyon",,"1867      ","1917      ",1910,1910,1910,Gold,Dimensions unavailable,"Gift of Heinz L. Stoppelmann, 1979",,,,,,,,,,,,Metal,,http://www.metmuseum.org/art/collection/search/13,2/6/2017 8:00:16 AM,"Metropolitan Museum of Art, New York, NY"
1979.486.5,False,False,14,American Decorative Arts,Coin,Five-dollar Liberty Head Coin,,,,,,Maker,,Christian Gobrecht,1785–1844,,"Gobrecht, Christian",,"1785      ","1844      ",1907,1907,1907,Gold,Dimensions unavailable,"Gift of Heinz L. Stoppelmann, 1979",,,,,,,,,,,,Metal,,http://www.metmuseum.org/art/collection/search/14,2/6/2017 8:00:16 AM,"Metropolitan Museum of Art, New York, NY"
16.74.49,False,False,15,American Paintings and Sculpture,Coin,"Coin, 1/2 Real",,,,,,,,,,,,,,,1665–1700,1665,1700,Silver,Diam. 1/2 in. (1.3 cm),"Gift of Mrs. Russell Sage, 1916",Made in,,,,Mexico,,,,,,,Silver,,http://www.metmuseum.org/art/collection/search/15,2/6/2017 8:00:16 AM,"Metropolitan Museum of Art, New York, NY"
16.74.27,False,False,16,American Paintings and Sculpture,Peso,"Coin, 1/4 Peso",,,,,,Artist,,Mexican Artist,,,"Mexican, Artist",,,,1800–1900,1800,1900,Bronze or copper,Diam. 1 1/8 in. (2.9 cm),"Gift of Mrs. Russell Sage, 1916",Made in,,,,Mexico,,,,,,,Metal,,http://www.metmuseum.org/art/collection/search/16,2/6/2017 8:00:16 AM,"Metropolitan Museum of Art, New York, NY"
16.74.28,False,False,17,American Paintings and Sculpture,Peso,"Coin, 1/4 Peso",,,,,,Artist,,Mexican Artist,,,"Mexican, Artist",,,,1867,1867,1867,Bronze or copper,Diam. 1 1/8 in. (2.9 cm),"Gift of Mrs. Russell Sage, 1916",Made in,,,,Mexico,,,,,,,Metal,,http://www.metmuseum.org/art/collection/search/17,2/6/2017 8:00:16 AM,"Metropolitan Museum of Art, New York, NY"
16.74.29,False,False,18,American Paintings and Sculpture,Peso,"Coin, 1/4 Peso",,,,,,Artist,,Mexican Artist,,,"Mexican, Artist",,,,1860,1860,1860,Bronze or copper,Diam. 1 1/8 in. (2.9 cm),"Gift of Mrs. Russell Sage, 1916",Made in,,,,Mexico,,,,,,,Metal,,http://www.metmuseum.org/art/collection/search/18,2/6/2017 8:00:16 AM,"Metropolitan Museum of Art, New York, NY"
16.74.30,False,False,19,American Paintings and Sculpture,Peso,"Coin, 1/4 Peso",,,,,,,,,,,,,,,1859,1859,1859,Bronze or copper,Diam. 1 1/8 in. (2.9 cm),"Gift of Mrs. Russell Sage, 1916",Made in,,,,Mexico,,,,,,,Metal,,http://www.metmuseum.org/art/collection/search/19,2/6/2017 8:00:16 AM,"Metropolitan Museum of Art, New York, NY"
16.74.31,False,False,20,American Paintings and Sculpture,Peso,"Coin, 1/4 Peso",,,,,,,,,,,,,,,1860,1860,1860,Bronze or copper,Diam. 1 1/8 in. (2.9 cm),"Gift of Mrs. Russell Sage, 1916",Made in,,,,Mexico,,,,,,,Metal,,http://www.metmuseum.org/art/collection/search/20,2/6/2017 8:00:16 AM,"Metropolitan Museum of Art, New York, NY"
16.74.32,False,False,21,American Paintings and Sculpture,Peso,"Coin, 1/4 Peso",,,,,,,,,,,,,,,1859,1859,1859,Bronze or copper,Diam. 1 1/8 in. (2.9 cm),"Gift of Mrs. Russell Sage, 1916",Made in,,,,Mexico,,,,,,,Metal,,http://www.metmuseum.org/art/collection/search/21,2/6/2017 8:00:16 AM,"Metropolitan Museum of Art, New York, NY"
16.74.43,False,False,22,American Paintings and Sculpture,Coin,"Coin, 1/4 Real",,,,,,,,,,,,,,,1881,1881,1881,Silver,Diam. 1/2 in. (1.3 cm),"Gift of Mrs. Russell Sage, 1916",Made in,,,,Guatemala,,,,,,,Silver,,http://www.metmuseum.org/art/collection/search/22,2/6/2017 8:00:16 AM,"Metropolitan Museum of Art, New York, NY"
16.74.44,False,False,23,American Paintings and Sculpture,Coin,"Coin, 1/4 Real",,,,,,,,,,,,,,,1878,1878,1878,Silver,Diam. 1/2 in. (1.3 cm),"Gift of Mrs. Russell Sage, 1916",Made in,,,,Guatemala,,,,,,,Silver,,http://www.metmuseum.org/art/collection/search/23,2/6/2017 8:00:16 AM,"Metropolitan Museum of Art, New York, NY"
16.74.33,False,False,24,American Paintings and Sculpture,Centavos,"Coin, 10 Centavos",,,,,,,,,,,,,,,1860–70,1860,1870,Nickel,Diam. 3/4 in. (1.9 cm),"Gift of Mrs. Russell Sage, 1916",Made in,,,,Mexico,,,,,,,Metal,,http://www.metmuseum.org/art/collection/search/24,2/6/2017 8:00:16 AM,"Metropolitan Museum of Art, New York, NY"
16.74.34,False,False,25,American Paintings and Sculpture,Centavos,"Coin, 10 Centavos",,,,,,,,,,,,,,,1860–70,1860,1870,Nickel,Diam. 3/4 in. (1.9 cm),"Gift of Mrs. Russell Sage, 1916",Made in,,,,Mexico,,,,,,,Metal,,http://www.metmuseum.org/art/collection/search/25,2/6/2017 8:00:16 AM,"Metropolitan Museum of Art, New York, NY"
16.74.35,False,False,26,American Paintings and Sculpture,Centavos,"Coin, 10 Centavos",,,,,,,,,,,,,,,1860–70,1860,1870,Nickel,Diam. 3/4 in. (1.9 cm),"Gift of Mrs. Russell Sage, 1916",Made in,,,,Mexico,,,,,,,Metal,,http://www.metmuseum.org/art/collection/search/26,2/6/2017 8:00:16 AM,"Metropolitan Museum of Art, New York, NY"
16.74.36,False,False,27,American Paintings and Sculpture,Centavos,"Coin, 10 Centavos",,,,,,,,,,,,,,,1860–70,1860,1870,Nickel,Diam. 3/4 in. (1.9 cm),"Gift of Mrs. Russell Sage, 1916",Made in,,,,Mexico,,,,,,,Metal,,http://www.metmuseum.org/art/collection/search/27,2/6/2017 8:00:16 AM,"Metropolitan Museum of Art, New York, NY"
16.74.38,False,False,28,American Paintings and Sculpture,Centavos,"Coin, 10 Centavos",,,,,,,,,,,,,,,1860–70,1860,1870,Nickel,Diam. 3/4 in. (1.9 cm),"Gift of Mrs. Russell Sage, 1916",Made in,,,,Mexico,,,,,,,Metal,,http://www.metmuseum.org/art/collection/search/28,2/6/2017 8:00:16 AM,"Metropolitan Museum of Art, New York, NY"
16.74.39,False,False,29,American Paintings and Sculpture,Centavos,"Coin, 10 Centavos",,,,,,,,,,,,,,,1860–70,1860,1870,Nickel,Diam. 3/4 in. (1.9 cm),"Gift of Mrs. Russell Sage, 1916",Made in,,,,Mexico,,,,,,,Metal,,http://www.metmuseum.org/art/collection/search/29,2/6/2017 8:00:16 AM,"Metropolitan Museum of Art, New York, NY"
16.74.37,False,False,30,American Paintings and Sculpture,Centavos,"Coin, 10 Centavos",,,,,,,,,,,,,,,1885,1885,1885,Nickel,Diam. 3/4 in. (1.9 cm),"Gift of Mrs. Russell Sage, 1916",Made in,,,,Mexico,,,,,,,Metal,,http://www.metmuseum.org/art/collection/search/30,2/6/2017 8:00:16 AM,"Metropolitan Museum of Art, New York, NY"
16.74.40,False,False,31,American Paintings and Sculpture,Centavos,"Coin, 10 Centavos",,,,,,,,,,,,,,,1885,1885,1885,Nickel,Diam. 3/4 in. (1.9 cm),"Gift of Mrs. Russell Sage, 1916",Made in,,,,Mexico,,,,,,,Metal,,http://www.metmuseum.org/art/collection/search/31,2/6/2017 8:00:16 AM,"Metropolitan Museum of Art, New York, NY"
09.9.15,False,False,32,American Paintings and Sculpture,Pesos,"Coin, 20 Pesos",,,,,,Artist,,Mexican Artist,,,"Mexican, Artist",,,,1866,1866,1866,Gold,Diam. 2 1/8 in. (5.4 cm),"Gift of H. R. Ickelheimer, 1909",Made in,,,,Mexico,,,,,,,Metal,,http://www.metmuseum.org/art/collection/search/32,2/6/2017 8:00:16 AM,"Metropolitan Museum of Art, New York, NY"
64.62,False,True,33,American Decorative Arts,Bust,Bust of Abraham Lincoln,American,,,,,Maker,,James Gillinder and Sons,"American, 1861–ca. 1930",,"Gillinder and Sons, James",American,"1861      ","1930      ",1876,1876,1876,Pressed glass,2 3/4 x 3 1/2 x 2 3/4 in. (7 x 8.9 x 7 cm),"Gift of Teunis G. B. Cortelyou, 1964",Made in,Philadelphia,,,United States,,,,,,,Glass,,http://www.metmuseum.org/art/collection/search/33,2/6/2017 8:00:16 AM,"Metropolitan Museum of Art, New York, NY"
1970.289.6,False,True,34,American Decorative Arts,Clock,Acorn Clock,American,,,,,Maker,,Forestville Manufacturing Company,1835–1853,,"Forestville Manufacturing Company ",,"1835      ","1853      ",1847–50,1847,1850,"Mahogany, laminated",24 3/8 x 14 5/8 x 5 1/8 in. (61.9 x 37.1 x 13 cm),"Gift of Mrs. Paul Moore, 1970",Made in,Bristol,,,United States,,,,,,,Furniture,,http://www.metmuseum.org/art/collection/search/34,2/6/2017 8:00:16 AM,"Metropolitan Museum of Art, New York, NY"
04.1a–c,False,True,35,American Decorative Arts,Vase,The Adams Vase,American,,,,,Designer|Manufacturer,Designed by|Manufactured by,Paulding Farnham|Tiffany & Co.,1859–1927|1837–present,,"Farnham, Paulding|Tiffany & Co.",,"1859      |1837      ","1927      |9999      ",1893–95,1893,1895,"Gold, amethysts, spessartites, tourmalines, fresh water pearls, quartzes, rock crystal, and enamel","Overall: 19 7/16 x 13 x 9 1/4 in. (49.4 x 33 x 23.5 cm); 352 oz. 18 dwt. (10977 g)
Body: H. 18 7/8 in. (47.9 cm)
Cover: 4 1/4 x 4 13/16 in. (10.8 x 12.2 cm); 19 oz. 6 dwt. (600.1 g)","Gift of Edward D. Adams, 1904",Made in,New York,,,United States,,,,,,,Metal,,http://www.metmuseum.org/art/collection/search/35,2/6/2017 8:00:16 AM,"Metropolitan Museum of Art, New York, NY"
1976.319,False,True,36,American Decorative Arts,Side Chair,Side Chair,American,,,,,Maker,,Conrad Henninger,active ca. 1888–1932,,"Henninger, Conrad",,"1885      ","1932      ",ca. 1887,1884,1887,"Oak, tulip poplar",40 x 25 1/2 x 34 1/2 in. (101.6 x 64.8 x 87.6 cm),"Gift of Charlotte Pickman-Gertz, 1976",Made in,Lebanon,,,United States,,,,,,,Furniture,,http://www.metmuseum.org/art/collection/search/36,2/6/2017 8:00:16 AM,"Metropolitan Museum of Art, New York, NY"
38.165.51,False,True,37,American Decorative Arts,Figure,Figure of Admiral George Rodney,British (American market),,,,,Maker,,Pierre Stephan,"French, active ca. 1770–95",,"Stephan, Pierre",French,"1765      ","1795      ",ca. 1785,1782,1785,"Earthenware, basalt",H. 12 in. (30.5 cm),"Harris Brisbane Dick Fund, 1938",Made in,,Staffordshire,Staffordshire,England,,,,,,,Ceramics,,http://www.metmuseum.org/art/collection/search/37,2/6/2017 8:00:16 AM,"Metropolitan Museum of Art, New York, NY"
38.165.50,False,True,38,American Decorative Arts,Figure,Figure of Admiral Samuel Hood,British (American market),,,,,Maker,,Pierre Stephan,"French, active ca. 1770–95",,"Stephan, Pierre",French,"1765      ","1795      ",ca. 1785,1782,1785,"Earthenware, basalt",H. 12 3/8 in. (31.4 cm),"Harris Brisbane Dick Fund, 1938",Made in,,Staffordshire,Staffordshire,England,,,,,,,Ceramics,,http://www.metmuseum.org/art/collection/search/38,2/6/2017 8:00:16 AM,"Metropolitan Museum of Art, New York, NY"
18.11.10,False,True,39,American Decorative Arts,Advertisement,Advertisement for Norwich Stone Ware Factory,American,,,,,,,,,,,,,,1770–1800,1770,1800,Paper,11 x 9 in. (27.9 x 22.9 cm),"Rogers Fund, 1918",Made in,Norwich,,,United States,,,,,,,Natural Substances,,http://www.metmuseum.org/art/collection/search/39,2/6/2017 8:00:16 AM,"Metropolitan Museum of Art, New York, NY"
46.140.143,False,True,40,American Decorative Arts,Ale glass,Ale Glass,American,,,,,Maker,,New England Glass Company,"American, East Cambridge, Massachusetts, 1818–1888",,"New England Glass Company ",,"1818      ","1888      ",1830–70,1830,1870,Pressed glass,H. 6 9/16 in. (16.7 cm); Diam. 3 in. (7.6 cm),"Gift of Mrs. Emily Winthrop Miles, 1946",Made in,East Cambridge,,,United States,,,,,,,Glass,,http://www.metmuseum.org/art/collection/search/40,2/6/2017 8:00:16 AM,"Metropolitan Museum of Art, New York, NY"
46.140.864,False,True,41,American Decorative Arts,Ale glass,Ale Glass,American,,,,,Maker,,Union Glass Company,"American, Somerville, Massachusetts",,Union Glass Company,American,,,1850–70,1850,1870,Pressed glass,H. 6 1/4 in. (15.9 cm); Diam. 2 15/16 in. (7.5 cm),"Gift of Mrs. Emily Winthrop Miles, 1946",Made in,Somerville,,,United States,,,,,,,Glass,,http://www.metmuseum.org/art/collection/search/41,2/6/2017 8:00:16 AM,"Metropolitan Museum of Art, New York, NY"
60.58.1,False,True,42,American Decorative Arts,Andiron,Andiron,American,,,,,,,,,,,,,,1795–1810,1795,1810,"Brass, iron",30 7/8 x 25 x 13 7/8 in. (78.4 x 63.5 x 35.2 cm),"Sansbury-Mills Fund, 1960",Made in,New York,,,United States,,,,,,,Metal,,http://www.metmuseum.org/art/collection/search/42,2/6/2017 8:00:16 AM,"Metropolitan Museum of Art, New York, NY"
60.58.2,False,True,43,American Decorative Arts,Andiron,Andiron,American,,,,,,,,,,,,,,1795–1810,1795,1810,"Brass, iron",30 7/8 x 25 x 13 7/8 in. (78.4 x 63.5 x 35.2 cm),"Sansbury-Mills Fund, 1960",Made in,New York,,,United States,,,,,,,Metal,,http://www.metmuseum.org/art/collection/search/43,2/6/2017 8:00:16 AM,"Metropolitan Museum of Art, New York, NY"
10.125.444a,False,True,44,American Decorative Arts,Andiron,Andiron,,,,,,,,,,,,,,,ca. 1790,1787,1790,Brass,H. 27 in. (68.6 cm),"Gift of Mrs. Russell Sage, 1909",,,,,,,,,,,,Metal,,http://www.metmuseum.org/art/collection/search/44,2/6/2017 8:00:16 AM,"Metropolitan Museum of Art, New York, NY"
10.125.444b,False,True,45,American Decorative Arts,Andiron,Andiron,,,,,,,,,,,,,,,ca. 1790,1787,1790,Brass,H. 27 in. (68.6 cm),"Gift of Mrs. Russell Sage, 1909",,,,,,,,,,,,Metal,,http://www.metmuseum.org/art/collection/search/45,2/6/2017 8:00:16 AM,"Metropolitan Museum of Art, New York, NY"
10.125.445a,False,True,46,American Decorative Arts,Andiron,Andiron,,,,,,,,,,,,,,,1700–1800,1700,1800,Brass,H. 16 in. (40.6 cm),"Gift of Mrs. Russell Sage, 1909",,,,,,,,,,,,Metal,,http://www.metmuseum.org/art/collection/search/46,2/6/2017 8:00:16 AM,"Metropolitan Museum of Art, New York, NY"
10.125.445b,False,True,47,American Decorative Arts,Andiron,Andiron,,,,,,,,,,,,,,,1700–1800,1700,1800,Brass,H. 16 in. (40.6 cm),"Gift of Mrs. Russell Sage, 1909",,,,,,,,,,,,Metal,,http://www.metmuseum.org/art/collection/search/47,2/6/2017 8:00:16 AM,"Metropolitan Museum of Art, New York, NY"
10.125.446a,False,False,48,American Decorative Arts,Andiron,Andiron,,,,,,,,,,,,,,,1770–1800,1770,1800,Iron,H. 17 in. (43.2 cm),"Gift of Mrs. Russell Sage, 1909",,,,,,,,,,,,Metal,,http://www.metmuseum.org/art/collection/search/48,2/6/2017 8:00:16 AM,"Metropolitan Museum of Art, New York, NY"
10.125.446b,False,False,49,American Decorative Arts,Andiron,Andiron,,,,,,,,,,,,,,,1770–1800,1770,1800,Iron,H. 17 in. (43.2 cm),"Gift of Mrs. Russell Sage, 1909",,,,,,,,,,,,Metal,,http://www.metmuseum.org/art/collection/search/49,2/6/2017 8:00:16 AM,"Metropolitan Museum of Art, New York, NY"
10.125.447a,False,True,50,American Decorative Arts,Andiron,Andiron,,,,,,,,,,,,,,,1770–1800,1770,1800,Iron,H. 11 1/2 in. (29.2 cm),"Gift of Mrs. Russell Sage, 1909",,,,,,,,,,,,Metal,,http://www.metmuseum.org/art/collection/search/50,2/6/2017 8:00:16 AM,"Metropolitan Museum of Art, New York, NY"
10.125.447b,False,True,51,American Decorative Arts,Andiron,Andiron,,,,,,,,,,,,,,,1770–1800,1770,1800,Iron,H. 11 1/2 in. (29.2 cm),"Gift of Mrs. Russell Sage, 1909",,,,,,,,,,,,Metal,,http://www.metmuseum.org/art/collection/search/51,2/6/2017 8:00:16 AM,"Metropolitan Museum of Art, New York, NY"
10.125.452a,False,True,52,American Decorative Arts,Andiron,Andiron,,,,,,,,,,,,,,,1700–1800,1700,1800,Bell metal,H. 16 1/2 in. (41.9 cm),"Gift of Mrs. Russell Sage, 1909",,,,,,,,,,,,Metal,,http://www.metmuseum.org/art/collection/search/52,2/6/2017 8:00:16 AM,"Metropolitan Museum of Art, New York, NY"
10.125.452b,False,True,53,American Decorative Arts,Andiron,Andiron,,,,,,,,,,,,,,,1700–1800,1700,1800,Bell metal,H. 16 1/2 in. (41.9 cm),"Gift of Mrs. Russell Sage, 1909",,,,,,,,,,,,Metal,,http://www.metmuseum.org/art/collection/search/53,2/6/2017 8:00:16 AM,"Metropolitan Museum of Art, New York, NY"
10.125.454a,False,True,56,American Decorative Arts,Andiron,Andiron,,,,,,,,,,,,,,,1800–1830,1800,1830,Bell metal,H. 23 in. (58.4 cm),"Gift of Mrs. Russell Sage, 1909",,,,,,,,,,,,Metal,,http://www.metmuseum.org/art/collection/search/56,2/6/2017 8:00:16 AM,"Metropolitan Museum of Art, New York, NY"
10.125.454b,False,True,57,American Decorative Arts,Andiron,Andiron,,,,,,,,,,,,,,,1800–1830,1800,1830,Bell metal,H. 23 in. (58.4 cm),"Gift of Mrs. Russell Sage, 1909",,,,,,,,,,,,Metal,,http://www.metmuseum.org/art/collection/search/57,2/6/2017 8:00:16 AM,"Metropolitan Museum of Art, New York, NY"
10.125.499a,False,False,58,American Decorative Arts,Andiron,Andiron,,,,,,,,,,,,,,,1800–1900,1800,1900,Iron,H. 16 in. (40.6 cm),"Gift of Mrs. Russell Sage, 1909",,,,,,,,,,,,Metal,,http://www.metmuseum.org/art/collection/search/58,2/6/2017 8:00:16 AM,"Metropolitan Museum of Art, New York, NY"
10.125.499b,False,False,59,American Decorative Arts,Andiron,Andiron,,,,,,,,,,,,,,,1800–1900,1800,1900,Iron,H. 16 in. (40.6 cm),"Gift of Mrs. Russell Sage, 1909",,,,,,,,,,,,Metal,,http://www.metmuseum.org/art/collection/search/59,2/6/2017 8:00:16 AM,"Metropolitan Museum of Art, New York, NY"
22.120.1,False,True,62,American Decorative Arts,Andiron,Andiron,,,,,,,,,,,,,,,ca. 1800,1797,1800,Brass,22 1/2 x 23 in. (57.2 x 58.4 cm),"Rogers Fund, 1922",,,,,,,,,,,,Metal,,http://www.metmuseum.org/art/collection/search/62,2/6/2017 8:00:16 AM,"Metropolitan Museum of Art, New York, NY"
22.120.2,False,True,63,American Decorative Arts,Andiron,Andiron,,,,,,,,,,,,,,,ca. 1800,1797,1800,Brass,22 1/2 x 23 in. (57.2 x 58.4 cm),"Rogers Fund, 1922",,,,,,,,,,,,Metal,,http://www.metmuseum.org/art/collection/search/63,2/6/2017 8:00:16 AM,"Metropolitan Museum of Art, New York, NY"
23.80.14,False,True,64,American Decorative Arts,Andiron,Andiron,American,,,,,,,,,,,,,,1795–1810,1795,1810,"Brass, iron",25 1/4 x 21 1/2 x 13 1/2 in. (64.1 x 54.6 x 34.3 cm),"Gift of Mr. and Mrs. William A. Moore, 1923",Made in,New York,,,United States,,,,,,,Metal,,http://www.metmuseum.org/art/collection/search/64,2/6/2017 8:00:16 AM,"Metropolitan Museum of Art, New York, NY"
23.80.15,False,True,65,American Decorative Arts,Andiron,Andiron,American,,,,,,,,,,,,,,1795–1810,1795,1810,"Brass, iron",25 1/4 x 21 1/2 x 13 1/2 in. (64.1 x 54.6 x 34.3 cm),"Gift of Mr. and Mrs. William A. Moore, 1923",Made in,New York,,,United States,,,,,,,Metal,,http://www.metmuseum.org/art/collection/search/65,2/6/2017 8:00:16 AM,"Metropolitan Museum of Art, New York, NY"
30.120.83,False,True,68,American Decorative Arts,Andiron,Andiron,,,,,,,,,,,,,,,1760–80,1760,1780,"Brass, iron",H. 23 1/2 in. (59.7 cm),"The Sylmaris Collection, Gift of George Coe Graves, 1930",,,,,,,,,,,,Metal,,http://www.metmuseum.org/art/collection/search/68,2/6/2017 8:00:16 AM,"Metropolitan Museum of Art, New York, NY"
30.120.84,False,True,69,American Decorative Arts,Andiron,Andiron,,,,,,,,,,,,,,,1760–80,1760,1780,"Brass, iron",H. 23 1/2 in. (59.7 cm),"The Sylmaris Collection, Gift of George Coe Graves, 1930",,,,,,,,,,,,Metal,,http://www.metmuseum.org/art/collection/search/69,2/6/2017 8:00:16 AM,"Metropolitan Museum of Art, New York, NY"
34.90.1,False,True,70,American Decorative Arts,Andiron,Andiron,,,,,,,,,,,,,,,1750–65,1750,1765,"Bell metal, possibly iron",18 1/2 x 22 1/4 x 13 1/2 in. (47 x 56.5 x 34.3 cm),"Rogers Fund, 1934",,,,,,,,,,,,Metal,,http://www.metmuseum.org/art/collection/search/70,2/6/2017 8:00:16 AM,"Metropolitan Museum of Art, New York, NY"
34.90.2,False,True,71,American Decorative Arts,Andiron,Andiron,,,,,,,,,,,,,,,1750–65,1750,1765,"Bell metal, possibly iron",18 1/2 x 22 1/4 x 13 1/2 in. (47 x 56.5 x 34.3 cm),"Rogers Fund, 1934",,,,,,,,,,,,Metal,,http://www.metmuseum.org/art/collection/search/71,2/6/2017 8:00:16 AM,"Metropolitan Museum of Art, New York, NY"
36.31.1,False,False,72,American Decorative Arts,Andiron,Andiron,American,,,,,,,,,,,,,,1750–80,1750,1780,"Brass, iron",21 x 21 x 13 1/2 in. (53.3 x 53.3 x 34.3 cm),"Morris K. Jesup Fund, 1936",Made in,Philadelphia,,,United States,,,,,,,Metal,,http://www.metmuseum.org/art/collection/search/72,2/6/2017 8:00:16 AM,"Metropolitan Museum of Art, New York, NY"
36.31.2,False,False,73,American Decorative Arts,Andiron,Andiron,American,,,,,,,,,,,,,,1750–80,1750,1780,"Brass, iron",21 x 21 x 13 1/2 in. (53.3 x 53.3 x 34.3 cm),"Morris K. Jesup Fund, 1936",Made in,Philadelphia,,,United States,,,,,,,Metal,,http://www.metmuseum.org/art/collection/search/73,2/6/2017 8:00:16 AM,"Metropolitan Museum of Art, New York, NY"
37.15.1,False,True,74,American Decorative Arts,Andiron,Andiron,,,,,,,,,,,,,,,1770–1800,1770,1800,Iron,30 3/4 x 28 in. (78.1 x 71.1 cm),"Purchase, The Sylmaris Collection, Gift of George Coe Graves, by exchange, 1937",,,,,,,,,,,,Metal,,http://www.metmuseum.org/art/collection/search/74,2/6/2017 8:00:16 AM,"Metropolitan Museum of Art, New York, NY"
37.15.2,False,True,75,American Decorative Arts,Andiron,Andiron,,,,,,,,,,,,,,,1770–1800,1770,1800,Iron,30 3/4 x 28 in. (78.1 x 71.1 cm),"Purchase, The Sylmaris Collection, Gift of George Coe Graves, by exchange, 1937",,,,,,,,,,,,Metal,,http://www.metmuseum.org/art/collection/search/75,2/6/2017 8:00:16 AM,"Metropolitan Museum of Art, New York, NY"
37.46.1,False,False,76,American Decorative Arts,Andiron,Andiron,,,,,,,,,,,,,,,1740–60,1740,1760,"Iron, brass",21 1/4 x 17 3/4 in. (54 x 45.1 cm),"Rogers Fund, 1937",,,,,,,,,,,,Metal,,http://www.metmuseum.org/art/collection/search/76,2/6/2017 8:00:16 AM,"Metropolitan Museum of Art, New York, NY"
37.46.2,False,False,77,American Decorative Arts,Andiron,Andiron,,,,,,,,,,,,,,,1740–60,1740,1760,"Iron, brass",21 1/4 x 17 3/4 in. (54 x 45.1 cm),"Rogers Fund, 1937",,,,,,,,,,,,Metal,,http://www.metmuseum.org/art/collection/search/77,2/6/2017 8:00:16 AM,"Metropolitan Museum of Art, New York, NY"
37.174.1,False,True,78,American Decorative Arts,Andiron,Andiron,,,,,,,,,,,,,,,ca. 1700,1697,1700,"Brass, iron",17 3/4 x 24 in. (45.1 x 61 cm),"Rogers Fund, 1937",Made in,,,,Spain,,,,,,,Metal,,http://www.metmuseum.org/art/collection/search/78,2/6/2017 8:00:16 AM,"Metropolitan Museum of Art, New York, NY"
37.174.2,False,True,79,American Decorative Arts,Andiron,Andiron,,,,,,,,,,,,,,,ca. 1700,1697,1700,"Brass, iron",17 3/4 x 24 in. (45.1 x 61 cm),"Rogers Fund, 1937",Made in,,,,Spain,,,,,,,Metal,,http://www.metmuseum.org/art/collection/search/79,2/6/2017 8:00:16 AM,"Metropolitan Museum of Art, New York, NY"
39.184.46,False,True,80,American Decorative Arts,Andiron,Andiron,,,,,,,,,,,,,,,1760–80,1760,1780,"Brass, iron",25 1/2 x 22 1/4 x 13 1/2 in. (64.8 x 56.5 x 34.3 cm),"Gift of James DeLancey Verplanck and John Bayard Rodgers Verplanck,  1939",Probably made in,New York,,,United States,,,,,,,Metal,,http://www.metmuseum.org/art/collection/search/80,2/6/2017 8:00:16 AM,"Metropolitan Museum of Art, New York, NY"
39.184.47,False,True,81,American Decorative Arts,Andiron,Andiron,,,,,,,,,,,,,,,1760–80,1760,1780,"Brass, iron",25 1/2 x 22 1/4 x 13 1/2 in. (64.8 x 56.5 x 34.3 cm),"Gift of James DeLancey Verplanck and John Bayard Rodgers Verplanck,  1939",,,,,,,,,,,,Metal,,http://www.metmuseum.org/art/collection/search/81,2/6/2017 8:00:16 AM,"Metropolitan Museum of Art, New York, NY"
41.160.340,False,False,84,American Decorative Arts,Andiron,Andiron,,,,,,,,,,,,,,,1800–1850,1800,1850,Brass,16 1/8 x 15 1/4 x 8 1/8 in. (41 x 38.7 x 20.6 cm),"Bequest of W. Gedney Beatty, 1941",,,,,,,,,,,,Metal,,http://www.metmuseum.org/art/collection/search/84,2/6/2017 8:00:16 AM,"Metropolitan Museum of Art, New York, NY"
41.160.341,False,False,85,American Decorative Arts,Andiron,Andiron,,,,,,,,,,,,,,,1800–1850,1800,1850,Brass,16 1/8 x 15 1/4 x 8 1/8 in. (41 x 38.7 x 20.6 cm),"Bequest of W. Gedney Beatty, 1941",,,,,,,,,,,,Metal,,http://www.metmuseum.org/art/collection/search/85,2/6/2017 8:00:16 AM,"Metropolitan Museum of Art, New York, NY"
41.160.344,False,True,86,American Decorative Arts,Andiron,Andiron,,,,,,,,,,,,,,,1730–70,1730,1770,Brass,19 1/4 x 19 1/2 x 11 3/4 in. (48.9 x 49.5 x 29.8 cm),"Bequest of W. Gedney Beatty, 1941",,,,,,,,,,,,Metal,,http://www.metmuseum.org/art/collection/search/86,2/6/2017 8:00:16 AM,"Metropolitan Museum of Art, New York, NY"
41.160.345,False,True,87,American Decorative Arts,Andiron,Andiron,,,,,,,,,,,,,,,1730–70,1730,1770,Brass,19 1/4 x 19 1/2 x 11 3/4 in. (48.9 x 49.5 x 29.8 cm),"Bequest of W. Gedney Beatty, 1941",,,,,,,,,,,,Metal,,http://www.metmuseum.org/art/collection/search/87,2/6/2017 8:00:16 AM,"Metropolitan Museum of Art, New York, NY"
41.160.346,False,True,88,American Decorative Arts,Andiron,Andiron,,,,,,,,,,,,,,,1770–1800,1770,1800,Brass,20 3/4 x 19 1/2 x 11 3/4 in. (52.7 x 49.5 x 29.8 cm),"Bequest of W. Gedney Beatty, 1941",,,,,,,,,,,,Metal,,http://www.metmuseum.org/art/collection/search/88,2/6/2017 8:00:16 AM,"Metropolitan Museum of Art, New York, NY"
41.160.347,False,True,89,American Decorative Arts,Andiron,Andiron,,,,,,,,,,,,,,,1770–1800,1770,1800,Brass,20 3/4 x 19 1/2 x 11 3/4 in. (52.7 x 49.5 x 29.8 cm),"Bequest of W. Gedney Beatty, 1941",,,,,,,,,,,,Metal,,http://www.metmuseum.org/art/collection/search/89,2/6/2017 8:00:16 AM,"Metropolitan Museum of Art, New York, NY"
41.160.372,False,True,90,American Decorative Arts,Andiron,Andiron,,,,,,,,,,,,,,,1770–1830,1770,1830,Brass,18 3/4 x 17 in. (47.6 x 43.2 cm),"Bequest of W. Gedney Beatty, 1941",,,,,,,,,,,,Metal,,http://www.metmuseum.org/art/collection/search/90,2/6/2017 8:00:16 AM,"Metropolitan Museum of Art, New York, NY"
41.160.373,False,True,91,American Decorative Arts,Andiron,Andiron,,,,,,,,,,,,,,,1770–1830,1770,1830,Brass,18 3/4 x 17 in. (47.6 x 43.2 cm),"Bequest of W. Gedney Beatty, 1941",,,,,,,,,,,,Metal,,http://www.metmuseum.org/art/collection/search/91,2/6/2017 8:00:16 AM,"Metropolitan Museum of Art, New York, NY"
46.67.126,False,True,92,American Decorative Arts,Andiron,Andiron,American,,,,,,,,,,,,,,1795–1815,1795,1815,"Brass, iron",23 1/4 x 23 1/2 in. (59.1 x 59.7 cm),"Gift of the Members of the Committee of the Bertha King Benkard Memorial Fund, 1946",Made in,New York,,,United States,,,,,,,Metal,,http://www.metmuseum.org/art/collection/search/92,2/6/2017 8:00:16 AM,"Metropolitan Museum of Art, New York, NY"
46.67.127,False,True,93,American Decorative Arts,Andiron,Andiron,American,,,,,,,,,,,,,,1795–1815,1795,1815,"Brass, iron",23 1/4 x 23 1/2 in. (59.1 x 59.7 cm),"Gift of the Members of the Committee of the Bertha King Benkard Memorial Fund, 1946",Made in,New York,,,United States,,,,,,,Metal,,http://www.metmuseum.org/art/collection/search/93,2/6/2017 8:00:16 AM,"Metropolitan Museum of Art, New York, NY"
47.137.1,False,True,94,American Decorative Arts,Andiron,Andiron,,,,,,,,,,,,,,,1700–1800,1700,1800,Iron,21 x 15 3/4 in. (53.3 x 40 cm),"Gift of Mrs. J. Insley Blair, 1947",,,,,,,,,,,,Metal,,http://www.metmuseum.org/art/collection/search/94,2/6/2017 8:00:16 AM,"Metropolitan Museum of Art, New York, NY"
47.137.2,False,True,95,American Decorative Arts,Andiron,Andiron,,,,,,,,,,,,,,,1700–1800,1700,1800,Iron,21 x 15 3/4 in. (53.3 x 40 cm),"Gift of Mrs. J. Insley Blair, 1947",,,,,,,,,,,,Metal,,http://www.metmuseum.org/art/collection/search/95,2/6/2017 8:00:16 AM,"Metropolitan Museum of Art, New York, NY"
48.135.107,False,False,96,American Decorative Arts,Andiron,Andiron,,,,,,,,,,,,,,,1700–1800,1700,1800,"Brass, iron",23 1/4 x 18 1/4 in. (59.1 x 46.4 cm),"Bequest of Adeline R. Brown, 1947",,,,,,,,,,,,Metal,,http://www.metmuseum.org/art/collection/search/96,2/6/2017 8:00:16 AM,"Metropolitan Museum of Art, New York, NY"
48.135.108,False,False,97,American Decorative Arts,Andiron,Andiron,,,,,,,,,,,,,,,1700–1800,1700,1800,"Brass, iron",23 1/4 x 18 1/4 in. (59.1 x 46.4 cm),"Bequest of Adeline R. Brown, 1947",,,,,,,,,,,,Metal,,http://www.metmuseum.org/art/collection/search/97,2/6/2017 8:00:16 AM,"Metropolitan Museum of Art, New York, NY"
48.158.2,False,False,98,American Decorative Arts,Andiron,Andiron,,,,,,,,,,,,,,,1800–1900,1800,1900,"Brass, steel",11 3/8 x 14 1/2 x 12 in. (28.9 x 36.8 x 30.5 cm),"Gift of Mrs. J. Insley Blair, 1948",,,,,,,,,,,,Metal,,http://www.metmuseum.org/art/collection/search/98,2/6/2017 8:00:16 AM,"Metropolitan Museum of Art, New York, NY"
48.158.3,False,False,99,American Decorative Arts,Andiron,Andiron,,,,,,,,,,,,,,,1800–1900,1800,1900,"Brass, steel",11 3/8 x 14 1/2 x 12 in. (28.9 x 36.8 x 30.5 cm),"Gift of Mrs. J. Insley Blair, 1948",,,,,,,,,,,,Metal,,http://www.metmuseum.org/art/collection/search/99,2/6/2017 8:00:16 AM,"Metropolitan Museum of Art, New York, NY"
49.73.4,False,True,100,American Decorative Arts,Andiron,Andiron,American or British,,,,,,,,,,,,,,1700–1800,1700,1800,Iron,18 3/4 x 17 1/2 x 10 3/4 in. (47.6 x 44.5 x 27.3 cm),"Gift of Mrs. J. Insley Blair, 1949",Possibly made in|Possibly made in,,,,United States|England,,,,,,,Metal,,http://www.metmuseum.org/art/collection/search/100,2/6/2017 8:00:16 AM,"Metropolitan Museum of Art, New York, NY"
49.73.5,False,True,101,American Decorative Arts,Andiron,Andiron,American or British,,,,,,,,,,,,,,1700–1800,1700,1800,Iron,18 3/4 x 17 1/2 x 10 3/4 in. (47.6 x 44.5 x 27.3 cm),"Gift of Mrs. J. Insley Blair, 1949",Possibly made in|Possibly made in,,,,United States|England,,,,,,,Metal,,http://www.metmuseum.org/art/collection/search/101,2/6/2017 8:00:16 AM,"Metropolitan Museum of Art, New York, NY"
1971.180.62a,False,True,102,American Decorative Arts,Andiron,Andiron,,,,,,,,,,,,,,,1790–1820,1790,1820,"Brass, iron",22 1/2 x 27 x 13 in. (57.2 x 68.6 x 33 cm),"Bequest of Flora E. Whiting, 1971",,,,,,,,,,,,Metal,,http://www.metmuseum.org/art/collection/search/102,2/6/2017 8:00:16 AM,"Metropolitan Museum of Art, New York, NY"
1971.180.62b,False,True,103,American Decorative Arts,Andiron,Andiron,,,,,,,,,,,,,,,1790–1820,1790,1820,"Brass, iron",22 1/2 x 27 x 13 in. (57.2 x 68.6 x 33 cm),"Bequest of Flora E. Whiting, 1971",,,,,,,,,,,,Metal,,http://www.metmuseum.org/art/collection/search/103,2/6/2017 8:00:16 AM,"Metropolitan Museum of Art, New York, NY"
1980.499.4,False,True,104,American Decorative Arts,Andiron,Andiron,,,,,,,,,,,,,,,1700–1800,1700,1800,Wrought iron,24 x 11 1/2 x 16 in. (61 x 29.2 x 40.6 cm),"Gift of Mrs. Eleanor G. Sargent, 1980",,,,,,,,,,,,Metal,,http://www.metmuseum.org/art/collection/search/104,2/6/2017 8:00:16 AM,"Metropolitan Museum of Art, New York, NY"
1980.499.5,False,True,105,American Decorative Arts,Andiron,Andiron,,,,,,,,,,,,,,,1700–1800,1700,1800,Wrought iron,24 x 11 1/2 x 16 in. (61 x 29.2 x 40.6 cm),"Gift of Mrs. Eleanor G. Sargent, 1980",,,,,,,,,,,,Metal,,http://www.metmuseum.org/art/collection/search/105,2/6/2017 8:00:16 AM,"Metropolitan Museum of Art, New York, NY"
1984.134.1,False,True,106,American Decorative Arts,Andiron,Andiron,American,,,,,,,,,,,,,,ca. 1800,1797,1800,Brass,H. 22 1/2 in. (57.2 cm); Diam. 29 in. (73.7 cm),"Friends of the American Wing Fund, 1984",Made in,New York,,,United States,,,,,,,Metal,,http://www.metmuseum.org/art/collection/search/106,2/6/2017 8:00:16 AM,"Metropolitan Museum of Art, New York, NY"
1984.134.2,False,True,107,American Decorative Arts,Andiron,Andiron,American,,,,,,,,,,,,,,ca. 1800,1797,1800,Brass,H. 22 1/2 in. (57.2 cm); Diam. 29 in. (73.7 cm),"Friends of the American Wing Fund, 1984",Probably made in,New York,,,United States,,,,,,,Metal,,http://www.metmuseum.org/art/collection/search/107,2/6/2017 8:00:16 AM,"Metropolitan Museum of Art, New York, NY"
1989.120.1,False,True,108,American Decorative Arts,Andiron,Andiron,American,,,,,Maker,,John Bailey,"American, active New York, 1736–1815",,"Bailey, John",American,"1736      ","1815      ",1792–1814,1792,1814,Brass and iron,16 1/8 x 10 x 14 7/8 in. (41 x 25.4 x 37.8 cm),"Purchase, Mr. and Mrs. George M. Kaufman Gift, 1989",Made in,New York,,,United States,,,,,,,Metal,,http://www.metmuseum.org/art/collection/search/108,2/6/2017 8:00:16 AM,"Metropolitan Museum of Art, New York, NY"
1989.120.2,False,True,109,American Decorative Arts,Andiron,Andiron,American,,,,,Maker,,John Bailey,"American, active New York, 1736–1815",,"Bailey, John",American,"1736      ","1815      ",1792–1814,1792,1814,Brass and iron,16 1/8 x 10 x 14 7/8 in. (41 x 25.4 x 37.8 cm),"Purchase, Mr. and Mrs. George M. Kaufman Gift, 1989",Made in,New York,,,United States,,,,,,,Metal,,http://www.metmuseum.org/art/collection/search/109,2/6/2017 8:00:16 AM,"Metropolitan Museum of Art, New York, NY"
41.160.374,False,True,110,American Decorative Arts,Andiron,Andiron,American,,,,,Maker,,James Davis,active 1803–28,,"Davis, James",,"1803      ","1828      ",1803–28,1803,1828,Brass,18 1/2 x 17 in. (47 x 43.2 cm),"Bequest of W. Gedney Beatty, 1941",Made in,Boston,,,United States,,,,,,,Metal,,http://www.metmuseum.org/art/collection/search/110,2/6/2017 8:00:16 AM,"Metropolitan Museum of Art, New York, NY"
41.160.375,False,True,111,American Decorative Arts,Andiron,Andiron,American,,,,,Maker,,James Davis,active 1803–28,,"Davis, James",,"1803      ","1828      ",1803–28,1803,1828,Brass,18 1/2 x 17 in. (47 x 43.2 cm),"Bequest of W. Gedney Beatty, 1941",Made in,Boston,,,United States,,,,,,,Metal,,http://www.metmuseum.org/art/collection/search/111,2/6/2017 8:00:16 AM,"Metropolitan Museum of Art, New York, NY"
1985.349.1,False,True,112,American Decorative Arts,Andiron,Andiron,American,,,,,Maker,,John Molineux,active ca. 1800–1820,,"Molineux, John",,"1797      ","1820      ",ca. 1810,1807,1810,"Brass, iron",H. 17 in. (43.2 cm),"Gift of The Wunsch Americana Foundation, Inc., 1985",Made in,Boston,,,United States,,,,,,,Metal,,http://www.metmuseum.org/art/collection/search/112,2/6/2017 8:00:16 AM,"Metropolitan Museum of Art, New York, NY"
1985.349.2,False,True,113,American Decorative Arts,Andiron,Andiron,American,,,,,Maker,,John Molineux,active ca. 1800–1820,,"Molineux, John",,"1797      ","1820      ",ca. 1810,1807,1810,"Brass, iron",H. 17 in. (43.2 cm),"Gift of The Wunsch Americana Foundation, Inc., 1985",Made in,Boston,,,United States,,,,,,,Metal,,http://www.metmuseum.org/art/collection/search/113,2/6/2017 8:00:16 AM,"Metropolitan Museum of Art, New York, NY"
30.120.89,False,True,114,American Decorative Arts,Andiron,Andiron,American,,,,,Maker,,Revere and Son,ca. 1787–?,,Revere and Son,,"1787      ",,1787–1810,1787,1810,"Brass, iron",24 1/2 x 20 3/8 in. (62.2 x 51.8 cm),"The Sylmaris Collection, Gift of George Coe Graves, 1930",Made in,Boston,,,United States,,,,,,,Metal,,http://www.metmuseum.org/art/collection/search/114,2/6/2017 8:00:16 AM,"Metropolitan Museum of Art, New York, NY"
30.120.90,False,True,115,American Decorative Arts,Andiron,Andiron,American,,,,,Maker,,Revere and Son,ca. 1787–?,,Revere and Son,,"1787      ",,1787–1810,1787,1810,"Brass, iron",24 1/2 x 20 3/8 in. (62.2 x 51.8 cm),"The Sylmaris Collection, Gift of George Coe Graves, 1930",Made in,Boston,,,United States,,,,,,,Metal,,http://www.metmuseum.org/art/collection/search/115,2/6/2017 8:00:16 AM,"Metropolitan Museum of Art, New York, NY"
52.77.60,False,True,116,American Decorative Arts,Andiron,Andiron,American,,,,,Maker,,Paul Revere Jr.,"American, Boston, Massachusetts 1734–1818 Boston, Massachusetts",,"Revere, Paul, Jr.",American,"1734      ","1818      ",ca. 1790,1787,1790,Brass,H. 21 1/8 in. (53.7 cm),"Bequest of Mrs. J. Insley Blair, 1951",Made in,Boston,,,United States,,,,,,,Metal,,http://www.metmuseum.org/art/collection/search/116,2/6/2017 8:00:16 AM,"Metropolitan Museum of Art, New York, NY"
52.77.61,False,True,117,American Decorative Arts,Andiron,Andiron,American,,,,,Maker,,Paul Revere Jr.,"American, Boston, Massachusetts 1734–1818 Boston, Massachusetts",,"Revere, Paul, Jr.",American,"1734      ","1818      ",ca. 1790,1787,1790,Brass,H. 21 1/8 in. (53.7 cm),"Bequest of Mrs. J. Insley Blair, 1951",Made in,Boston,,,United States,,,,,,,Metal,,http://www.metmuseum.org/art/collection/search/117,2/6/2017 8:00:16 AM,"Metropolitan Museum of Art, New York, NY"
1971.180.61a,False,False,118,American Decorative Arts,Andiron,Andiron,American,,,,,Maker,Attributed to,Paul Revere Jr.,"American, Boston, Massachusetts 1734–1818 Boston, Massachusetts",,"Revere, Paul, Jr.",American,"1734      ","1818      ",ca. 1780,1777,1780,Bell metal,31 1/2 x 14 x 23 1/2 in. (80 x 35.6 x 59.7 cm),"Bequest of Flora E. Whiting, 1971",Made in,Boston,,,United States,,,,,,,Metal,,http://www.metmuseum.org/art/collection/search/118,2/6/2017 8:00:16 AM,"Metropolitan Museum of Art, New York, NY"
1971.180.61b,False,True,119,American Decorative Arts,Andiron,Andiron,American,,,,,Maker,Attributed to,Paul Revere Jr.,"American, Boston, Massachusetts 1734–1818 Boston, Massachusetts",,"Revere, Paul, Jr.",American,"1734      ","1818      ",ca. 1780,1777,1780,Bell metal,31 1/2 x 14 x 23 1/2 in. (80 x 35.6 x 59.7 cm),"Bequest of Flora E. Whiting, 1971",Made in,Boston,,,United States,,,,,,,Metal,,http://www.metmuseum.org/art/collection/search/119,2/6/2017 8:00:16 AM,"Metropolitan Museum of Art, New York, NY"
68.69.17,False,True,120,American Decorative Arts,Andiron,Andiron,American,,,,,Designer|Maker,Designed by,Louis Comfort Tiffany|Tiffany Glass and Decorating Company,"American, New York 1848–1933 New York|American, 1892–1902",,"Tiffany, Louis Comfort|Tiffany Glass and Decorating Company",American,"1848      |1892      ","1933      |1902      ",1894,1894,1894,"Bronze, glass, iron",25 x 15 x 35 in. (63.5 x 38.1 x 88.9 cm),"Gift of Mrs. D. Chester Noyes, 1968",Made in,New York,,,United States,,,,,,,Metal,,http://www.metmuseum.org/art/collection/search/120,2/6/2017 8:00:16 AM,"Metropolitan Museum of Art, New York, NY"
68.69.18,False,True,121,American Decorative Arts,Andiron,Andiron,American,,,,,Designer|Maker,Designed by,Louis Comfort Tiffany|Tiffany Glass and Decorating Company,"American, New York 1848–1933 New York|American, 1892–1902",,"Tiffany, Louis Comfort|Tiffany Glass and Decorating Company",American,"1848      |1892      ","1933      |1902      ",1894,1894,1894,"Bronze, glass, iron",25 x 15 x 35 in. (63.5 x 38.1 x 88.9 cm),"Gift of Mrs. D. Chester Noyes, 1968",Made in,New York,,,United States,,,,,,,Metal,,http://www.metmuseum.org/art/collection/search/121,2/6/2017 8:00:16 AM,"Metropolitan Museum of Art, New York, NY"
64.291.1,False,True,122,American Decorative Arts,Andiron,Andiron,American,,,,,Maker,,Richard Wittingham,active before 1795–ca. 1818,,"Wittingham, Richard",,"1794      ","1818      ",ca. 1800,1797,1800,Brass,22 5/8 x 10 3/4 x 20 1/2 in. (57.5 x 27.3 x 52.1 cm),"Gift of Gertrude Moira Flanagan, 1964",Made in,New York,,,United States,,,,,,,Metal,,http://www.metmuseum.org/art/collection/search/122,2/6/2017 8:00:16 AM,"Metropolitan Museum of Art, New York, NY"
64.291.2,False,True,123,American Decorative Arts,Andiron,Andiron,American,,,,,Maker,,Richard Wittingham,active before 1795–ca. 1818,,"Wittingham, Richard",,"1794      ","1818      ",ca. 1800,1797,1800,Brass,22 5/8 x 10 3/4 x 20 1/2 in. (57.5 x 27.3 x 52.1 cm),"Gift of Gertrude Moira Flanagan, 1964",Made in,New York,,,United States,,,,,,,Metal,,http://www.metmuseum.org/art/collection/search/123,2/6/2017 8:00:16 AM,"Metropolitan Museum of Art, New York, NY"
38.165.24,False,True,124,American Decorative Arts,Apothecary jar,Apothecary Jar,Dutch,,,,,,,,,,,,,,1730–40,1730,1740,Earthenware,H. 3 5/8 in. (9.2 cm); Diam. 2 7/8 in. (7.3 cm),"Harris Brisbane Dick Fund, 1938",Made in,Delft,,,Netherlands,,,,,,,Ceramics,,http://www.metmuseum.org/art/collection/search/124,2/6/2017 8:00:16 AM,"Metropolitan Museum of Art, New York, NY"
38.165.25,False,True,125,American Decorative Arts,Apothecary jar,Apothecary Jar,Dutch,,,,,,,,,,,,,,1730–40,1730,1740,Earthenware,H. 3 5/8 in. (9.2 cm); Diam. 2 7/8 in. (7.3 cm),"Harris Brisbane Dick Fund, 1938",Made in,Delft,,,Netherlands,,,,,,,Ceramics,,http://www.metmuseum.org/art/collection/search/125,2/6/2017 8:00:16 AM,"Metropolitan Museum of Art, New York, NY"
46.67.16,False,True,126,American Decorative Arts,Figure,Figure of an Apple,British (American market),,,,,,,,,,,,,,1800–1830,1800,1830,"Earthenware, lusterware",H. 2 3/4 in. (7 cm); Diam. 3 3/8 in. (8.6 cm),"Gift of the Members of the Committee of the Bertha King Benkard Memorial Fund, 1946",Made in,,Staffordshire,Staffordshire,England,,,,,,,Ceramics,,http://www.metmuseum.org/art/collection/search/126,2/6/2017 8:00:16 AM,"Metropolitan Museum of Art, New York, NY"
46.67.17,False,True,127,American Decorative Arts,Figure,Figure of an Apple,British (American market),,,,,,,,,,,,,,1800–1830,1800,1830,"Earthenware, lusterware",H. 2 3/4 in. (7 cm); Diam. 3 3/8 in. (8.6 cm),"Gift of the Members of the Committee of the Bertha King Benkard Memorial Fund, 1946",Made in,,Staffordshire,Staffordshire,England,,,,,,,Ceramics,,http://www.metmuseum.org/art/collection/search/127,2/6/2017 8:00:16 AM,"Metropolitan Museum of Art, New York, NY"
46.67.18,False,True,128,American Decorative Arts,Figure,Figure of an Apple,British (American market),,,,,,,,,,,,,,1800–1830,1800,1830,"Earthenware, lusterware",H. 2 3/4 in. (7 cm); Diam. 3 3/8 in. (8.6 cm),"Gift of the Members of the Committee of the Bertha King Benkard Memorial Fund, 1946",Made in,,Staffordshire,Staffordshire,England,,,,,,,Ceramics,,http://www.metmuseum.org/art/collection/search/128,2/6/2017 8:00:16 AM,"Metropolitan Museum of Art, New York, NY"
68.133.6,False,False,129,American Decorative Arts,Statuette,Statuette: Arab Waiter and Tray,,,,,,,,,,,,,,,1868–70,1868,1870,Bronze,H. 43 in. (109.2 cm),"Gift of Josephine M. Fiala, 1968",,,,,,,,,,,,Metal,,http://www.metmuseum.org/art/collection/search/129,2/6/2017 8:00:16 AM,"Metropolitan Museum of Art, New York, NY"
19.171.2,False,True,130,American Decorative Arts,Frame,Frame,American,,,,,Maker,,Stanford White,"American, New York 1853–1906 New York",,"White, Stanford",American,"1853      ","1906      ",1870–1900,1870,1900,"Wood, gilt",83 x 58 1/2 in. (210.8 x 148.6 cm),"Gift of Edward D. Adams, 1919",,,,,,,,,,,,Frames,,http://www.metmuseum.org/art/collection/search/130,2/6/2017 8:00:16 AM,"Metropolitan Museum of Art, New York, NY"
68.133.7,False,True,131,American Decorative Arts,Architectural elements,Architectural Elements,American,,,,,Maker,,Augustus Truesdale,,,"Truesdale, Augustus",,,"9999      ",1868–70,1868,1870,Wood,Dimensions unavailable,"Gift of Josephine M. Fiala, 1968",Made in,Meriden,,,United States,,,,,,,Architecture,,http://www.metmuseum.org/art/collection/search/131,2/6/2017 8:00:16 AM,"Metropolitan Museum of Art, New York, NY"
Inst.68.4.1,False,False,132,American Decorative Arts,Architectural elements,"Architectural elements from Halsted House, Rye, New York",American,,,,,,,,,,,,,,ca. 1825,1822,1825,"Wood, marble",Dimensions unavailable,"Gift of Henry U. and Emma B. Halsted, 1968",Made in,Rye,,,United States,,,,,,,Architecture,,http://www.metmuseum.org/art/collection/search/132,2/6/2017 8:00:16 AM,"Metropolitan Museum of Art, New York, NY"
1978.10.1,False,True,133,American Decorative Arts,Loggia elements,"Architectural Elements from Laurelton Hall, Oyster Bay, New York",American,,,,,Designer,Designed by,Louis Comfort Tiffany,"American, New York 1848–1933 New York",,"Tiffany, Louis Comfort",American,"1848      ","1933      ",ca. 1905,1902,1908,"Limestone, ceramic, and Fravrile glass",21 x 23 ft. (640.1 x 701 cm),"Gift of Jeannette Genius McKean and Hugh Ferguson McKean, in memory of Charles Hosmer Morse, 1978",Made in,Oyster Bay,,,United States,,,,,,,Architecture,,http://www.metmuseum.org/art/collection/search/133,2/6/2017 8:00:16 AM,"Metropolitan Museum of Art, New York, NY"
1972.187.1,False,True,134,American Decorative Arts,Bedroom,"Architectural elements from North Family Dwelling, New Lebanon, New York","American, Shaker",,,,,,,,,,,,,,ca. 1830–40,1827,1840,Wood,Dimensions unavailable,"Purchase, 1972",Made in,New Lebanon,,,United States,,,,,,,Architecture,,http://www.metmuseum.org/art/collection/search/134,2/6/2017 8:00:16 AM,"Metropolitan Museum of Art, New York, NY"
"24.116.4a, b",False,False,137,American Decorative Arts,Argand lamp,Argand lamp,British,,,,,,,,,,,,,,1800–1815,1800,1815,"Sheffield plate, earthenware, glass",H. 17 1/2 in. (44.5 cm),"Bequest of Miss Emilie Ogden, 1924",Made in,,,,England,,,,,,,Ceramics,,http://www.metmuseum.org/art/collection/search/137,2/6/2017 8:00:16 AM,"Metropolitan Museum of Art, New York, NY"
"24.116.5a, b",False,False,138,American Decorative Arts,Argand lamp,Argand Lamp,British,,,,,,,,,,,,,,1800–1815,1800,1815,"Sheffield plate, earthenware, glass",H. 17 1/2 in. (44.5 cm),"Bequest of Miss Emilie Ogden, 1924",Made in,,,,England,,,,,,,Ceramics,,http://www.metmuseum.org/art/collection/search/138,2/6/2017 8:00:16 AM,"Metropolitan Museum of Art, New York, NY"
67.262.6,False,True,139,American Decorative Arts,Argand lamp,Argand Lamp,,,,,,Maker,Attributed to,Messenger Company,,,"Messenger Company ",,,"9999      ",1835–40,1835,1840,"Bronze, gilt brass",17 7/8 x 17 x 7 7/8 in. (45.4 x 43.2 x 20 cm),"Gift of John C. Cattus, 1967",Made in,London,,,England,,,,,,,Metal,,http://www.metmuseum.org/art/collection/search/139,2/6/2017 8:00:16 AM,"Metropolitan Museum of Art, New York, NY"
1983.355,False,True,140,American Decorative Arts,Argand lamp,Argand Lamp,,,,,,Maker,Attributed to,Messenger Company,,,"Messenger Company ",,,"9999      ",1835–40,1835,1840,Gilt bronze,H. 17 1/2 in. (44.5 cm),"Gift of The Wunsch Americana Foundation, Inc., 1983",Made in,London,,,England,,,,,,,Metal,,http://www.metmuseum.org/art/collection/search/140,2/6/2017 8:00:16 AM,"Metropolitan Museum of Art, New York, NY"
Inst.69.8.1,False,False,141,American Decorative Arts,Lamp shade,Lamp Shade,,,,,,,,,,,,,,,1800–1900,1800,1900,Glass,Dimensions unavailable,"Purchase, The Edgar J. Kaufmann Foundation Gift, 1969",,,,,,,,,,,,Metal,,http://www.metmuseum.org/art/collection/search/141,2/6/2017 8:00:16 AM,"Metropolitan Museum of Art, New York, NY"
Inst.69.8.2,False,False,142,American Decorative Arts,Lamp shade,Lamp Shade,,,,,,,,,,,,,,,1800–1900,1800,1900,Glass,Dimensions unavailable,"Purchase, The Edgar J. Kaufmann Foundation Gift, 1969",,,,,,,,,,,,Metal,,http://www.metmuseum.org/art/collection/search/142,2/6/2017 8:00:16 AM,"Metropolitan Museum of Art, New York, NY"
10.125.189,False,True,143,American Decorative Arts,Armchair,Three-legged Armchair,British,,,,,,,,,,,,,,ca. 1650,1647,1650,Oak,34 x 23 1/2 x 19 in. (86.4 x 59.7 x 48.3 cm),"Gift of Mrs. Russell Sage, 1909",Made in,,,,England,,,,,,,Furniture,,http://www.metmuseum.org/art/collection/search/143,2/6/2017 8:00:16 AM,"Metropolitan Museum of Art, New York, NY"
10.125.204,False,True,145,American Decorative Arts,Armchair,Turned Armchair,American,,,,,,,,,,,,,,1650–1700,1650,1700,"Maple, ash",40 x 25 x 17 1/2 in. (101.6 x 63.5 x 44.5 cm),"Gift of Mrs. Russell Sage, 1909",Made in,,,,United States,,,,,,,Furniture,,http://www.metmuseum.org/art/collection/search/145,2/6/2017 8:00:16 AM,"Metropolitan Museum of Art, New York, NY"
10.125.207,False,True,146,American Decorative Arts,Armchair,Turned Armchair,American,,,,,,,,,,,,,,1650–1700,1650,1700,Maple,44 x 24 x 15 in. (111.8 x 61 x 38.1 cm),"Gift of Mrs. Russell Sage, 1909",Made in,,,,United States,,,,,,,Furniture,,http://www.metmuseum.org/art/collection/search/146,2/6/2017 8:00:16 AM,"Metropolitan Museum of Art, New York, NY"
10.125.219,False,True,147,American Decorative Arts,Banister-back armchair,Banister-back armchair,American,,,,,,,,,,,,,,1720–40,1720,1740,"Hard maple, soft maple, ash",44 1/2 x 23 x 22 1/2 in. (113 x 58.4 x 57.2 cm),"Gift of Mrs. Russell Sage, 1909",Possibly made in|Possibly made in,Portsmouth,,,United States|United States,,,,,,,Furniture,,http://www.metmuseum.org/art/collection/search/147,2/6/2017 8:00:16 AM,"Metropolitan Museum of Art, New York, NY"
10.125.228,False,True,148,American Decorative Arts,Armchair,Armchair,American,,,,,,,,,,,,,,1700–1730,1700,1730,"Maple, oak",48 x 29 1/2 x 16 7/8 in. (121.9 x 74.9 x 42.9 cm),"Gift of Mrs. Russell Sage, 1909",Made in,,,,United States,,,,,,,Furniture,,http://www.metmuseum.org/art/collection/search/148,2/6/2017 8:00:16 AM,"Metropolitan Museum of Art, New York, NY"
50.130.149u recto,False,True,150,American Paintings and Sculpture,Drawing,Heads and Feet of Two Javanese Dancers (from Sketchbook of Javanese Dancers),,,,,,Artist,,John Singer Sargent,"American, Florence 1856–1925 London",,"Sargent, John Singer",American,"1856      ","1925      ",1889,1889,1889,Graphite on off-white wove paper,5 1/2 x 8 1/2 in. (14 x 21.6 cm),"Gift of Mrs. Francis Ormond, 1950",,,,,,,,,,,,Drawings,,http://www.metmuseum.org/art/collection/search/150,2/6/2017 8:00:16 AM,"Metropolitan Museum of Art, New York, NY"
10.125.235,False,True,151,American Decorative Arts,Slat-back armchair,Slat-back armchair,American,,,,,,,,,,,,,,1650–90,1650,1690,"Poplar, ash",42 x 24 x 15 1/8 in. (106.7 x 61 x 38.4 cm),"Gift of Mrs. Russell Sage, 1909",Made in|Probably made in,Boston,,,United States|United States,"New England ",,,,,,Furniture,,http://www.metmuseum.org/art/collection/search/151,2/6/2017 8:00:16 AM,"Metropolitan Museum of Art, New York, NY"
10.125.241,False,True,154,American Decorative Arts,Armchair,Armchair,American,,,,,,,,,,,,,,1710–50,1710,1750,"Maple, cottonwood",47 x 26 x 24 in. (119.4 x 66 x 61 cm),"Gift of Mrs. Russell Sage, 1909",Made in,,,,United States,"New England ",,,,,,Furniture,,http://www.metmuseum.org/art/collection/search/154,2/6/2017 8:00:16 AM,"Metropolitan Museum of Art, New York, NY"
10.125.276,False,False,165,American Decorative Arts,Armchair,Armchair,American,,,,,,,,,,,,,,1775–1800,1775,1800,"Oak, spruce, maple",46 x 22 x 21 in. (116.8 x 55.9 x 53.3 cm),"Gift of Mrs. Russell Sage, 1909",Made in,,,,United States,,,,,,,Furniture,,http://www.metmuseum.org/art/collection/search/165,2/6/2017 8:00:16 AM,"Metropolitan Museum of Art, New York, NY"
10.125.279,False,True,166,American Decorative Arts,Armchair,Armchair,American,,,,,,,,,,,,,,1750–1800,1750,1800,"Pine, ash, maple",43 x 25 x 15 in. (109.2 x 63.5 x 38.1 cm),"Gift of Mrs. Russell Sage, 1909",Made in,,,,United States,,,,,,,Furniture,,http://www.metmuseum.org/art/collection/search/166,2/6/2017 8:00:16 AM,"Metropolitan Museum of Art, New York, NY"
10.125.666 L,False,True,170,American Decorative Arts,Armchair,Armchair,American,,,,,,,,,,,,,,1750–75,1750,1775,"Hickory, pine",38 1/4 x 25 1/2 x 15 in. (97.2 x 64.8 x 38.1 cm),"Gift of Mrs. Russell Sage, 1909",Made in,,,,United States,,,,,,,Furniture,,http://www.metmuseum.org/art/collection/search/170,2/6/2017 8:00:16 AM,"Metropolitan Museum of Art, New York, NY"
10.125.674,False,True,171,American Decorative Arts,Armchair,Cane armchair,British,,,,,,,,,,,,,,1690–1710,1690,1710,Beech,50 1/4 x 23 1/2 x 17 in. (127.6 x 59.7 x 43.2 cm),"Gift of Mrs. Russell Sage, 1909",Made in,,,,England,,,,,,,Furniture,,http://www.metmuseum.org/art/collection/search/171,2/6/2017 8:00:16 AM,"Metropolitan Museum of Art, New York, NY"
10.125.676,False,True,172,American Decorative Arts,Armchair,Armchair,American,,,,,,,,,,,,,,1675–1700,1675,1700,Maple,46 x 23 1/2 x 17 in. (116.8 x 59.7 x 43.2 cm),"Gift of Mrs. Russell Sage, 1909",Made in,,,,United States,,,,,,,Furniture,,http://www.metmuseum.org/art/collection/search/172,2/6/2017 8:00:16 AM,"Metropolitan Museum of Art, New York, NY"
10.125.677,False,True,173,American Decorative Arts,Armchair,Armchair,American,,,,,,,,,,,,,,1650–1700,1650,1700,Ash,45 1/2 x 22 3/4 x 22 in. (115.6 x 57.8 x 55.9 cm),"Gift of Mrs. Russell Sage, 1909",Made in,,,,United States,"New England ",,,,,,Furniture,,http://www.metmuseum.org/art/collection/search/173,2/6/2017 8:00:16 AM,"Metropolitan Museum of Art, New York, NY"
10.125.691,False,True,174,American Decorative Arts,Spindle-back armchair,Spindle-back armchair,American,,,,,,,,,,,,,,1660–1700,1660,1700,Ash,46 1/4 x 24 7/8 x 17 5/8 in. (117.5 x 63.2 x 44.8 cm),"Gift of Mrs. Russell Sage, 1909",Probably made in,,,,United States,"New England ",,,,,,Furniture,,http://www.metmuseum.org/art/collection/search/174,2/6/2017 8:00:16 AM,"Metropolitan Museum of Art, New York, NY"
18.110.38,False,False,176,American Decorative Arts,Armchair,Armchair,American,,,,,,,,,,,,,,1785–95,1785,1795,Mahogany,39 x 23 x 18 1/2 in. (99.1 x 58.4 x 47 cm),"John Stewart Kennedy Fund, 1918",Made in,,,,United States,,,,,,,Furniture,,http://www.metmuseum.org/art/collection/search/176,2/6/2017 8:00:16 AM,"Metropolitan Museum of Art, New York, NY"
18.110.54,False,True,177,American Decorative Arts,Armchair,Armchair,American,,,,,,,,,,,,,,1760–90,1760,1790,"Walnut, white cedar, yellow pine",39 1/4 x 24 3/4 x 23 in. (99.7 x 62.9 x 58.4 cm),"John Stewart Kennedy Fund, 1918",Possibly made in,Philadelphia,,,United States,,,,,,,Furniture,,http://www.metmuseum.org/art/collection/search/177,2/6/2017 8:00:16 AM,"Metropolitan Museum of Art, New York, NY"
23.80.6,False,True,179,American Decorative Arts,Armchair,Leather armchair,American,,,,,,,,,,,,,,1725–45,1725,1745,"Maple, birch",48 3/4 x 24 1/2 x 17 in. (123.8 x 62.2 x 43.2 cm),"Gift of Mr. and Mrs. William A. Moore, 1923",Made in|Probably made in,Boston|Philadelphia,,,United States,,,,,,,Furniture,,http://www.metmuseum.org/art/collection/search/179,2/6/2017 8:00:16 AM,"Metropolitan Museum of Art, New York, NY"
23.80.7,False,True,180,American Decorative Arts,Armchair,Armchair,American,,,,,,,,,,,,,,1800–1815,1800,1815,"Primary: mahogany.  Secondary: cherry (medial braces); mahogany (front braces) ; white pine (rear braces, top and bottom edges slightly chamfered); maple (slip seat).",32 1/2 x 21 3/8 x 22 13/16 in. (82.6 x 54.3 x 57.9 cm),"Gift of Mr. and Mrs. William A. Moore, 1923",Made in,,,,United States,,,,,,,Furniture,,http://www.metmuseum.org/art/collection/search/180,2/6/2017 8:00:16 AM,"Metropolitan Museum of Art, New York, NY"
25.115.18,False,True,182,American Decorative Arts,Armchair,Armchair,American,,,,,,,,,,,,,,ca. 1755,1752,1755,Mahogany,44 x 33 1/4 x 21 1/2 in. (111.8 x 84.5 x 54.6 cm),"Rogers Fund, 1925",Made in,Philadelphia,,,United States,,,,,,,Furniture,,http://www.metmuseum.org/art/collection/search/182,2/6/2017 8:00:16 AM,"Metropolitan Museum of Art, New York, NY"
25.115.19,False,True,183,American Decorative Arts,Armchair,Armchair,American,,,,,,,,,,,,,,1750–65,1750,1765,"Walnut, yellow pine",42 1/2 x 32 1/2 x 21 in. (108 x 82.6 x 53.3 cm),"Rogers Fund, 1925",Made in,Philadelphia,,,United States,,,,,,,Furniture,,http://www.metmuseum.org/art/collection/search/183,2/6/2017 8:00:16 AM,"Metropolitan Museum of Art, New York, NY"
25.115.36,False,True,184,American Decorative Arts,Armchair,Armchair,American,,,,,,,,,,,,,,1740–60,1740,1760,Walnut,41 x 31 1/2 x 21 1/4 in. (104.1 x 80 x 54 cm),"Rogers Fund, 1925",Made in,Philadelphia,,,United States,,,,,,,Furniture,,http://www.metmuseum.org/art/collection/search/184,2/6/2017 8:00:16 AM,"Metropolitan Museum of Art, New York, NY"
26.144,False,True,185,American Decorative Arts,Armchair,Armchair,American,,,,,,,,,,,,,,1815–20,1815,1820,"Mahogany, mahogany veneer, ash, tulip poplar",32 1/4 x 18 1/2 x 21 1/2 in. (81.9 x 47 x 54.6 cm),"Rogers Fund, 1926",Made in,Philadelphia,,,United States,,,,,,,Furniture,,http://www.metmuseum.org/art/collection/search/185,2/6/2017 8:00:16 AM,"Metropolitan Museum of Art, New York, NY"
30.120.72,False,True,186,American Decorative Arts,Armchair,Armchair,American,,,,,,,,,,,,,,1735–60,1735,1760,Maple,41 7/8 x 26 3/4 x 16 in. (106.4 x 67.9 x 40.6 cm),"The Sylmaris Collection, Gift of George Coe Graves, 1930",Possibly made in|Possibly made in,Portsmouth,,,United States|United States,,,,,,,Furniture,,http://www.metmuseum.org/art/collection/search/186,2/6/2017 8:00:16 AM,"Metropolitan Museum of Art, New York, NY"
30.120.73,False,True,187,American Decorative Arts,Armchair,Armchair,American,,,,,,,,,,,,,,1700–1725,1700,1725,"Maple, beech",50 1/2 x 25 x 15 3/4 in. (128.3 x 63.5 x 40 cm),"The Sylmaris Collection, Gift of George Coe Graves, 1930",Probably made in,Boston,,,United States,,,,,,,Furniture,,http://www.metmuseum.org/art/collection/search/187,2/6/2017 8:00:16 AM,"Metropolitan Museum of Art, New York, NY"
31.44.8,False,True,188,American Decorative Arts,Armchair,Armchair,American,,,,,,,,,,,,,,1790–1800,1790,1800,Mahogany,37 3/8 x 22 x 17 in. (94.9 x 55.9 x 43.2 cm),"The Sylmaris Collection, Gift of George Coe Graves, 1931",Made in,,,,United States,,,,,,,Furniture,,http://www.metmuseum.org/art/collection/search/188,2/6/2017 8:00:16 AM,"Metropolitan Museum of Art, New York, NY"
31.44.9,False,True,189,American Decorative Arts,Armchair,Armchair,American,,,,,,,,,,,,,,1795–1800,1795,1800,"Mahogany, ash, tulip poplar, maple",38 3/4 x 21 1/2 x 18 in. (98.4 x 54.6 x 45.7 cm),"The Sylmaris Collection, Gift of George Coe Graves, 1931",Made in,New York,,,United States,,,,,,,Furniture,,http://www.metmuseum.org/art/collection/search/189,2/6/2017 8:00:16 AM,"Metropolitan Museum of Art, New York, NY"
32.107,False,True,190,American Decorative Arts,Armchair,Armchair,American,,,,,,,,,,,,,,1755–75,1755,1775,"Mahogany, tulip poplar, sweet gum, white pine",39 1/8 x 20 7/8 x 22 in. (99.4 x 53 x 55.9 cm),"Rogers Fund, 1932",Made in,,,,United States,,,,,,,Furniture,,http://www.metmuseum.org/art/collection/search/190,2/6/2017 8:00:16 AM,"Metropolitan Museum of Art, New York, NY"
34.100.27,False,True,191,American Decorative Arts,Armchair,Armchair,American,,,,,,,,,,,,,,1750–80,1750,1780,Maple,43 x 24 x 19 1/2 in. (109.2 x 61 x 49.5 cm),"Gift of Mrs. Robert W. de Forest, 1933",Made in,,,,United States,,,,,,,Furniture,,http://www.metmuseum.org/art/collection/search/191,2/6/2017 8:00:16 AM,"Metropolitan Museum of Art, New York, NY"
39.184.15,False,True,192,American Decorative Arts,Armchair,Armchair,American,,,,,,,,,,,,,,1755–90,1755,1790,"Mahogany, red maple, white pine",42 1/8 x 27 x 28 in. (107 x 68.6 x 71.1 cm),"Gift of James DeLancey Verplanck and John Bayard Rodgers Verplanck,  1939",Made in,,,,United States,,,,,,,Furniture,,http://www.metmuseum.org/art/collection/search/192,2/6/2017 8:00:16 AM,"Metropolitan Museum of Art, New York, NY"
41.111,False,True,193,American Decorative Arts,Armchair,Turned armchair,American,,,,,,,,,,,,,,1665–90,1665,1690,Ash,39 1/2 x 24 x 17 in. (100.3 x 61 x 43.2 cm),"Rogers Fund, 1941",Probably made in,New York,,,United States,,,,,,,Furniture,,http://www.metmuseum.org/art/collection/search/193,2/6/2017 8:00:16 AM,"Metropolitan Museum of Art, New York, NY"
50.130.154ss,False,True,194,American Paintings and Sculpture,Drawing,"Hunting Birds, after Egyptian Relief Sculpture (from Scrapbook)",,,,,,Artist,,John Singer Sargent,"American, Florence 1856–1925 London",,"Sargent, John Singer",American,"1856      ","1925      ",ca. 1878,1875,1878,Graphite and pen and ink on off-white wove paper,5 1/4 x 4 3/4 in. (13.3 x 12.1 cm),"Gift of Mrs. Francis Ormond, 1950",,,,,,,,,,,,Drawings,,http://www.metmuseum.org/art/collection/search/194,2/6/2017 8:00:16 AM,"Metropolitan Museum of Art, New York, NY"
47.103.9,False,True,195,American Decorative Arts,Armchair,Armchair,American,,,,,,,,,,,,,,1725–90,1725,1790,"Tulip poplar, maple, oak",28 x 27 x 17 in. (71.1 x 68.6 x 43.2 cm),"Gift of Mrs. J. Insley Blair, 1947",Made in,,,,United States,,,,,,,Furniture,,http://www.metmuseum.org/art/collection/search/195,2/6/2017 8:00:16 AM,"Metropolitan Museum of Art, New York, NY"
48.135.24,False,False,198,American Decorative Arts,Armchair,Armchair,French,,,,,,,,,,,,,,1800–1830,1800,1830,Mahogany,36 x 22 1/2 x 19 1/4 in. (91.4 x 57.2 x 48.9 cm),"Bequest of Adeline R. Brown, 1947",Made in,,,,France,,,,,,,Furniture,,http://www.metmuseum.org/art/collection/search/198,2/6/2017 8:00:16 AM,"Metropolitan Museum of Art, New York, NY"
48.135.92,False,True,199,American Decorative Arts,Armchair,Armchair,American,,,,,,,,,,,,,,1700–1800,1700,1800,Wood,35 1/8 x 24 3/8 x 14 1/4 in. (89.2 x 61.9 x 36.2 cm),"Bequest of Adeline R. Brown, 1947",Made in,,,,United States,"New England ",,,,,,Furniture,,http://www.metmuseum.org/art/collection/search/199,2/6/2017 8:00:16 AM,"Metropolitan Museum of Art, New York, NY"
51.12.2,True,True,200,American Decorative Arts,Armchair,Spindle-back armchair,American,,,,,,,,,,,,,,1640–80,1640,1680,Ash,44 3/4 x 23 1/2 x 15 3/4 in. (113.7 x 59.7 x 40 cm),"Gift of Mrs. J. Insley Blair, 1951",Possibly made in|Possibly made in,Boston|Charlestown,,,United States|United States,,,,,,,Furniture,,http://www.metmuseum.org/art/collection/search/200,2/6/2017 8:00:16 AM,"Metropolitan Museum of Art, New York, NY"
52.77.47,False,True,201,American Decorative Arts,Armchair,Turned Armchair,American,,,,,,,,,,,,,,1630–1700,1630,1700,"Maple, ash",45 1/4 x 24 3/4 x 17 3/4 in. (114.9 x 62.9 x 45.1 cm),"Bequest of Mrs. J. Insley Blair, 1951",Made in,,,,United States,,,,,,,Furniture,,http://www.metmuseum.org/art/collection/search/201,2/6/2017 8:00:16 AM,"Metropolitan Museum of Art, New York, NY"
52.77.49,False,True,202,American Decorative Arts,Armchair,Spindle-back armchair,American,,,,,,,,,,,,,,1660–1700,1660,1700,"Maple, soft maple, ash",41 3/4 x 23 x 18 in. (106 x 58.4 x 45.7 cm),"Bequest of Mrs. J. Insley Blair, 1951",Made in,,,,United States,"New England ",,,,,,Furniture,,http://www.metmuseum.org/art/collection/search/202,2/6/2017 8:00:16 AM,"Metropolitan Museum of Art, New York, NY"
52.77.55,False,True,203,American Decorative Arts,Armchair,Splat-back armchair,American,,,,,Maker,Attributed to the shop of,John Gaines III,"American, 1704–1743",,"Gaines, John III",American,"1704      ","1743      ",1735–43,1735,1743,"Soft maple, poplar, ash",40 5/8 x 27 x 17 in. (103.2 x 68.6 x 43.2 cm),"Bequest of Mrs. J. Insley Blair, 1951",Made in,Portsmouth,,,United States,,,,,,,Furniture,,http://www.metmuseum.org/art/collection/search/203,2/6/2017 8:00:16 AM,"Metropolitan Museum of Art, New York, NY"
53.88,False,True,204,American Decorative Arts,Armchair,Armchair,American,,,,,,,,,,,,,,1770–90,1770,1790,"Mahogany, spruce",38 1/2 x 21 5/8 x 16 5/8 in. (97.8 x 54.9 x 42.2 cm),"Rogers Fund, 1953",Made in,,,,United States,,,,,,,Furniture,,http://www.metmuseum.org/art/collection/search/204,2/6/2017 8:00:16 AM,"Metropolitan Museum of Art, New York, NY"
2006.90.1,False,True,205,American Decorative Arts,Teapot,Teapot,American,,,,,Maker,,Wood and Hughes,1845–99,,"Wood and Hughes ",,"1845      ","1899      ",1862–63,1862,1863,Silver,11 1/4 x 9 15/16 in. (28.6 x 25.2 cm),"Friends of the American Wing Fund, 2006",Made in,New York,,,United States,,,,,,,Silver,,http://www.metmuseum.org/art/collection/search/205,2/6/2017 8:00:16 AM,"Metropolitan Museum of Art, New York, NY"
69.158.5,False,False,206,American Decorative Arts,Armchair,Armchair,American,,,,,,,,,,,,,,1850–1900,1850,1900,Cast iron,35 1/2 x 26 x 22 in. (90.2 x 66 x 55.9 cm),"Purchase, The Edgar J. Kaufmann Foundation Gift, 1969",Made in,,,,United States,,,,,,,Furniture,,http://www.metmuseum.org/art/collection/search/206,2/6/2017 8:00:16 AM,"Metropolitan Museum of Art, New York, NY"
69.158.6,False,False,207,American Decorative Arts,Armchair,Armchair,American,,,,,,,,,,,,,,1850–1900,1850,1900,Cast iron,35 1/2 x 26 x 22 in. (90.2 x 66 x 55.9 cm),"Purchase, The Edgar J. Kaufmann Foundation Gift, 1969",Made in,,,,United States,,,,,,,Furniture,,http://www.metmuseum.org/art/collection/search/207,2/6/2017 8:00:16 AM,"Metropolitan Museum of Art, New York, NY"
1975.310,False,True,208,American Decorative Arts,Armchair,Armchair,American,,,,,,,,,,,,,,1730–80,1730,1780,Maple,48 3/4 x 24 3/4 x 21 in. (123.8 x 62.9 x 53.3 cm),"Purchase, Virginia H. Groomes Gift, in memory of her mother, Mary W. Groomes, 1975",Possibly made in|Possibly made in,,,,United States|United States,,,,,,,Furniture,,http://www.metmuseum.org/art/collection/search/208,2/6/2017 8:00:16 AM,"Metropolitan Museum of Art, New York, NY"
1978.401,False,True,209,American Decorative Arts,Armchair,Armchair,American,,,,,,,,,,,,,,1805–15,1805,1815,"Mahogany, ash",36 x 20 1/2 x 19 in. (91.4 x 52.1 x 48.3 cm),"Purchase, Mr. and Mrs. George M. Kaufman and Mr. and Mrs. Eric M. Wunsch Gifts, 1978",Made in,Philadelphia,,,United States,,,,,,,Furniture,,http://www.metmuseum.org/art/collection/search/209,2/6/2017 8:00:16 AM,"Metropolitan Museum of Art, New York, NY"
1981.206,False,True,211,American Decorative Arts,Armchair,Armchair,American,,,,,,,,,,,,,,ca. 1875,1872,1875,"Ebony, aspen, yellow pine, ivory, mother-of-pearl",38 3/4 x 26 3/4 x 35 in. (98.4 x 67.9 x 88.9 cm),"Purchase, Mrs. Paul Moore Gift, by exchange, 1981",Made in,,,,United States,,,,,,,Furniture,,http://www.metmuseum.org/art/collection/search/211,2/6/2017 8:00:16 AM,"Metropolitan Museum of Art, New York, NY"
1984.287,False,True,212,American Decorative Arts,Armchair,Armchair,American,,,,,,,,,,,,,,1770–90,1770,1790,"Mahogany, red oak, sweet gum, ash",39 1/2 x 30 x 23 1/2 in. (100.3 x 76.2 x 59.7 cm),"Bequest of Barbara Bradley Manice, 1984",Made in,,,,United States,,,,,,,Furniture,,http://www.metmuseum.org/art/collection/search/212,2/6/2017 8:00:16 AM,"Metropolitan Museum of Art, New York, NY"
1984.367,False,True,213,American Decorative Arts,Armchair,Armchair,American,,,,,,,,,,,,,,ca. 1800,1797,1800,"Black walnut, hard pine, cedar",40 3/4 x 24 1/4 x 19 in. (103.5 x 61.6 x 48.3 cm),"Friends of the American Wing Fund, 1984",Probably made in,Lititz,,,United States,,,,,,,Furniture,,http://www.metmuseum.org/art/collection/search/213,2/6/2017 8:00:16 AM,"Metropolitan Museum of Art, New York, NY"
1986.204,False,True,214,American Decorative Arts,Armchair,Armchair,American,,,,,Maker,Possibly,Gustave Herter,1830–1898,,"Herter, Gustave","German (Stuttgart, principality of Württemberg)","1830      ","1898      ",ca. 1855,1852,1858,Walnut,64 1/2 x 25 3/8 x 22 1/4 in. (163.8 x 64.5 x 56.5 cm),"Friends of the American Wing Fund, 1986",Probably made in,New York,,,United States,,,,,,,Furniture,,http://www.metmuseum.org/art/collection/search/214,2/6/2017 8:00:16 AM,"Metropolitan Museum of Art, New York, NY"
50.145.46,False,True,215,American Decorative Arts,Armchair,Armchair,American,,,,,Maker,Probably,Thomas Affleck,1740–1795,,"Affleck, Thomas",,"1740      ","1795      ",1794,1794,1794,Mahogany,36 1/4 x 24 x 19 1/2 in. (92.1 x 61 x 49.5 cm),"Bequest of Mary Stillman Harkness, 1950",Made in,Philadelphia,,,United States,,,,,,,Furniture,,http://www.metmuseum.org/art/collection/search/215,2/6/2017 8:00:16 AM,"Metropolitan Museum of Art, New York, NY"
59.154,False,True,216,American Decorative Arts,Armchair,Armchair,American,,,,,Maker,Attributed to,Thomas Affleck,1740–1795,,"Affleck, Thomas",,"1740      ","1795      ",1765–75,1765,1775,"Mahogany, white oak",43 x 28 1/4 x 30 in. (109.2 x 71.8 x 76.2 cm),"Purchase, Gift of Mrs. Russell Sage and The Sylmaris Collection, Gift of George Coe Graves, by exchange; Robert G. Goelet Gift; and funds from various donors, 1959",Made in,Philadelphia,,,United States,,,,,,,Furniture,,http://www.metmuseum.org/art/collection/search/216,2/6/2017 8:00:16 AM,"Metropolitan Museum of Art, New York, NY"
44.106,False,True,218,American Decorative Arts,Armchair,Armchair,American,,,,,Maker,Attributed to,Henry Connelly,1770–1826,,"Connelly, Henry",,"1770      ","1826      ",1800–1810,1800,1810,"Mahogany, ash",35 1/2 x 22 1/2 x 19 1/2 in. (90.2 x 57.2 x 49.5 cm),"Rogers Fund, 1944",Made in,Philadelphia,,,United States,,,,,,,Furniture,,http://www.metmuseum.org/art/collection/search/218,2/6/2017 8:00:16 AM,"Metropolitan Museum of Art, New York, NY"
1981.156.1,False,True,219,American Decorative Arts,Armchair,Armchair,American,,,,,Maker,,"J. S. Ford, Johnson and Company","American, 1867–1902",,"Ford, Johnson and Company J. S.",American,"1867      ","1902      ",ca. 1904,1901,1904,"Oak, poplar",31 1/2 x 20 3/8 x 25 1/2 in. (80 x 51.8 x 64.8 cm),"Purchase, Mr. and Mrs. David Lubart Gift, in memory of Katherine J. Lubart, 1944–1975, 1981",Made in,Chicago,,,United States,,,,,,,Furniture,,http://www.metmuseum.org/art/collection/search/219,2/6/2017 8:00:16 AM,"Metropolitan Museum of Art, New York, NY"
1979.305,False,True,220,American Decorative Arts,Armchair,Armchair,American,,,,,Maker,Attributed to the Workshop of,Solomon Fussell,active ca. 1726–50,,"Fussell, Solomon",,"1723      ","1750      ",1735–50,1735,1750,Maple,43 1/4 x 25 1/2 x 18 1/4 in. (109.9 x 64.8 x 46.4 cm),"Anonymous Gift, in memory of Mrs. J. Insley Blair, 1979",Made in,Philadelphia,,,United States,,,,,,,Furniture,,http://www.metmuseum.org/art/collection/search/220,2/6/2017 8:00:16 AM,"Metropolitan Museum of Art, New York, NY"
1972.76,False,True,221,American Decorative Arts,Armchair,Armchair,American,,,,,Maker,,Herter Brothers,"German, active New York, 1864–1906",,Herter Brothers,,"1864      ","1906      ",1865–70,1865,1870,"Rosewood, marquetry, gilt",34 5/8 x 25 x 26 3/4 in. (87.9 x 63.5 x 67.9 cm),"Gift of Paul Martini, 1972",Made in,New York,,,United States,,,,,,,Furniture,,http://www.metmuseum.org/art/collection/search/221,2/6/2017 8:00:16 AM,"Metropolitan Museum of Art, New York, NY"
1978.500,False,True,222,American Decorative Arts,Armchair,Armchair,American,,,,,Maker,,Heywood Brothers and Wakefield Company,"American, 1897–1921",,"Heywood Brothers and Wakefield Company ",American,"1897      ","1921      ",1897–1910,1897,1910,"Rattan, maple, possibly ash",43 1/2 x 27 5/8 x 20 3/4 in. (110.5 x 70.2 x 52.7 cm),"Gift of The Wicker Garden, 1978",Made in,Wakefield,,,United States,,,,,,,Furniture,,http://www.metmuseum.org/art/collection/search/222,2/6/2017 8:00:16 AM,"Metropolitan Museum of Art, New York, NY"
1971.161,False,True,223,American Decorative Arts,Rocking chair,Rocking Chair,American,,,,,Maker,,Hudson and Brooks,active ca. 1823,,"Hudson and Brooks ",,"1773      ","1873      ",ca. 1823,1820,1823,"Maple, pine, mahogany",45 x 20 3/4 x 27 in. (114.3 x 52.7 x 68.6 cm),"Gift of Mr. and Mrs. Arnold B. Skromme, 1971",Made in,Portland,,,United States,,,,,,,Furniture,,http://www.metmuseum.org/art/collection/search/223,2/6/2017 8:00:16 AM,"Metropolitan Museum of Art, New York, NY"
68.69.14,False,True,224,American Decorative Arts,Reclining armchair,Reclining Armchair,American,,,,,Maker,,George Jakob Hunzinger,1835–1898,,"Hunzinger, George Jakob",,"1835      ","1898      ",after 1866,1867,1876,Cherry,38 1/2 x 26 x 33 in. (97.8 x 66 x 83.8 cm),"Gift of Mrs. D. Chester Noyes, 1968",Made in,New York,,,United States,,,,,,,Furniture,,http://www.metmuseum.org/art/collection/search/224,2/6/2017 8:00:16 AM,"Metropolitan Museum of Art, New York, NY"
1982.69,False,True,225,American Decorative Arts,Folding armchair,Folding Armchair,American,,,,,Maker,,George Jakob Hunzinger,1835–1898,,"Hunzinger, George Jakob",,"1835      ","1898      ",after 1876,1877,1886,"Maple, steel mesh",34 x 20 3/4 x 22 1/4 in. (86.4 x 52.7 x 56.5 cm),"Sansbury-Mills Fund, 1982",Made in,New York,,,United States,,,,,,,Furniture,,http://www.metmuseum.org/art/collection/search/225,2/6/2017 8:00:16 AM,"Metropolitan Museum of Art, New York, NY"
1982.352,False,True,226,American Decorative Arts,Armchair,Armchair,American,,,,,Maker,,George Washington Maher,1864–1926,,"Maher, George Washington",,"1864      ","1926      ",ca. 1914,1911,1914,"Oak, leather",59 1/4 x 33 x 26 3/8 in. (150.5 x 83.8 x 67 cm),"Purchase, Theodore R. Gamble, Jr. Gift, in honor of his mother, Mrs.  Theodore Robert Gamble, 1982",Made in,,,,United States,,,,,,,Furniture,,http://www.metmuseum.org/art/collection/search/226,2/6/2017 8:00:16 AM,"Metropolitan Museum of Art, New York, NY"
68.69.2,False,True,227,American Decorative Arts,Armchair,Armchair,American,,,,,Maker,,Léon Marcotte,1824–1887,,"Marcotte, Léon",French,"1824      ","1887      ",ca. 1860,1857,1860,"Maple, gilt bronze",40 3/4 x 25 1/2 x 20 in. (103.5 x 64.8 x 50.8 cm),"Gift of Mrs. D. Chester Noyes, 1968",Made in,New York,,,United States,,,,,,,Furniture,,http://www.metmuseum.org/art/collection/search/227,2/6/2017 8:00:16 AM,"Metropolitan Museum of Art, New York, NY"
68.165.4,False,False,228,American Decorative Arts,Armchair,Armchair,American,,,,,Maker,,Léon Marcotte,1824–1887,,"Marcotte, Léon",French,"1824      ","1887      ",ca. 1860,1857,1860,Maple,40 1/2 x 26 x 24 3/4 in. (102.9 x 66 x 62.9 cm),"Gift of Mrs. Douglas M. Moffat, 1968",Made in,New York,,,United States,,,,,,,Furniture,,http://www.metmuseum.org/art/collection/search/228,2/6/2017 8:00:16 AM,"Metropolitan Museum of Art, New York, NY"
1975.157,False,True,229,American Decorative Arts,Folding armchair,Folding Armchair,American,,,,,Maker,,Marks Adjustable Folding Chair Company,1877–97,,"Marks Adjustable Folding Chair Company ",,"1877      ","1897      ",ca. 1877–97,1877,1897,"Walnut, metal",45 3/4 x 29 x 27 1/2 in. (116.2 x 73.7 x 69.9 cm),"Purchase, Mrs. Russell Sage Gift, 1975",Made in,New York,,,United States,,,,,,,Furniture,,http://www.metmuseum.org/art/collection/search/229,2/6/2017 8:00:16 AM,"Metropolitan Museum of Art, New York, NY"
45.105,False,True,230,American Decorative Arts,Armchair,Armchair,American,,,,,Maker,Attributed to,Samuel McIntire,1757–1811,,"McIntire, Samuel",,"1757      ","1811      ",1801,1801,1801,"Mahogany, birch, white pine",32 1/2 x 21 x 18 in. (82.6 x 53.3 x 45.7 cm),"Rogers Fund, 1945",Made in,Salem,,,United States,,,,,,,Furniture,,http://www.metmuseum.org/art/collection/search/230,2/6/2017 8:00:16 AM,"Metropolitan Museum of Art, New York, NY"
1985.189,False,True,231,American Decorative Arts,Armchair,Armchair,American,,,,,Maker,,John and Joseph W. Meeks,active ca. 1836–59,,"Meeks, John and Joseph W.",,"1833      ","1859      ",ca. 1850,1847,1850,Mahogany,53 x 23 x 22 in. (134.6 x 58.4 x 55.9 cm),"Friends of the American Wing Fund, 1985",Made in,New York,,,United States,,,,,,,Furniture,,http://www.metmuseum.org/art/collection/search/231,2/6/2017 8:00:16 AM,"Metropolitan Museum of Art, New York, NY"
69.159.1,False,True,232,American Decorative Arts,Armchair,Armchair,American,,,,,Maker,,North American Iron Works,ca. 1877–ca. 1897,,"North American Iron Works ",,"1874      ","1897      ",1877–97,1877,1897,Cast iron,35 1/4 x 21 x 19 in. (89.5 x 53.3 x 48.3 cm),"Rogers Fund, 1969",Made in,New York,,,United States,,,,,,,Furniture,,http://www.metmuseum.org/art/collection/search/232,2/6/2017 8:00:16 AM,"Metropolitan Museum of Art, New York, NY"